SMILES,pKa
Nc1nc2c(c(C(=O)O)n1)CCCC2,0.61
CNc1ncc2ccccc2n1,4.97
Nc1ncccn1,3.5500000000000003
O=C(O)CN(CC(=O)O)CC1CCCCO1,1.88
Cc1cccnc1N,7.48
CC(C)(C)C1=NNCC1,5.31
Nc1ccccn1,6.665
O=NCNc1c2ccccc2nc2ccccc12,3.41
CCOC(=O)[C@@H](N)CC(C)C,7.615
Oc1cnc2cnccc2n1,3.755
Nc1nccc2ccccc12,7.48
Sc1nc2cncnc2nc1S,0.74
Nc1ccc2ccccc2c1,4.166666666666667
COc1cncnc1O,1.75
NNCc1ccccc1,6.83
CC(C)(O)[C@H](N)C(=O)O,2.14
CC(N)CCC(=O)O,3.97
Cc1nc(N)nc(N)c1Cc1ccc(Cl)cc1,7.58
COc1ccc(C2CC2N)cc1,8.32
Nc1ncc(-c2ccc([N+](=O)[O-])cc2)cn1,2.7
CN1C=CC=C(O)N1,2.31
COc1cnccc1C=O,4.45
CC(CN)c1ccccc1,10.325
COc1ccc2nc3ccccc3c(N)c2c1,9.61
COC(=O)CCCN,9.839
CN(C)c1cccc(C(F)(F)F)c1,3.27
Cn1cccnc1=NCc1ccccc1,11.12
O=C(O)CN(CCO)CC(=O)O,2.1225
Nc1ccc(CC(=O)O)cc1,3.6
CCC1=NCCN1,11.05
Nc1ncnc2[nH]nnc12,2.65
CC(C)(C)n1cccn1,1.975
Nc1cnc(Cl)nc1N,2.63
Nc1ccc2c(c1)CCC2,5.31
CCN(C)CCOCCN(CC)CC,10.12
CC(C)C(O)C(=N)N,11.35
CC(N)CC(N)=NO,9.15
CCN(CC)CCNC(=O)c1ccc(C)cc1C,8.917
CC(C)NCC(O)c1ccc(I)cc1,9.21
Fc1ccc2ncncc2c1,3.42
CNc1ncc(-c2ccc(C)cc2)cn1,3.59
C[Si](C)(C)CCN,10.97
Cn1cnc2cccc([N+](=O)[O-])c21,3.25
Nc1ccc2cc3ccc(N)cc3nc2c1,9.6
CC1=NN(C)C(C)(C)C1,4.68
Nc1c(O)nc(O)nc1NCCO,4.13
Cc1ccc(N(CC[N+]2(C)CCCCC2)C2CCCCC2)cc1,3.77
Nc1cc(S(=O)(=O)O)cc2cc(S(=O)(=O)O)cc(O)c12,3.5835
CCOC(=O)c1ccccc1N(C)C,5.48
CCN(CC)CCNC(=O)c1c(C)cccc1C,8.688
Nc1ccc2c(Cl)c3ccccc3nc2c1,6.7
OC[C@H]1NC(O)[C@H](O)[C@@H](O)[C@@H]1O,5.32
Brc1cnc2ccccc2c1,2.69
CCSc1ccncn1,2.6
COc1ccc(-c2ncccn2)cc1[N+](=O)[O-],2.4
c1nc[nH]n1,2.27
CC1=Nc2[nH]nnc2CN1,6.16
CN1CCOCC1,7.38
COC(=O)c1ccccc1N,2.34
Cc1nn(C)c(N)nc1=O,1.9
Cc1ccc(N)nn1,5.29
CC(C)(C)c1ccccc1N,4.405
CC(C)NCC(O)c1ccc2c(c1)CCCC2,9.26
CC(C)C1CC[C@H](C)C[C@H]1N,10.435
CCNCCN,10.46
CN=c1ncccn1Cc1ccccc1,11.12
CC#Cc1c(C)nc(N)nc1C,3.99
CSc1ccc(N)cc1I,3.44
Nc1nc(N)c2c(n1)NCCN2C(=O)CCl,5.7
O=C(c1ccccc1)c1cccnc1,3.18
CCOC1CNc2c([N+](=O)[O-])c(=O)nc(N)n21,2.25
Cn1cc(-c2ccc(Br)cc2)cnc1=N,10.45
Cc1cccc2cnc3ccccc3c12,4.6
Oc1nc2ccncc2nc1O,1.37
Nc1nc(O)c2[nH]c(C(F)(F)F)nc2n1,1.23
c1coc(CNc2ncnc3[nH]ncc23)c1,3.97
Nc1cc([N+](=O)[O-])cc2ccccc12,2.07
CC(=O)C(CN1CCCCC1)=NO,7.15
NNCC(F)(F)C(F)(F)C(F)(F)C(F)F,5.34
Cc1c(C)c2ccccn2c1C,6.67
CSc1nc2nc(N)ncc2[nH]1,4.35
c1ncc2[nH]cnc2n1,2.3
Nc1nc(N)c(N=Nc2ccccc2)c(N)n1,4.97
CCOC(=O)CN,7.71
OC1NC=Nc2nccnc21,4.75
CC(C)C(N)C(C)C,10.315
c1ncc2nn[nH]c2n1,2.05
Nc1c2ccccc2nc2c(O)cccc12,7.01
Cc1ccc(CN)cn1,8.765
Cc1cccc(NN)c1,5.345
NCCNCc1ccoc1,9.86
CCNc1ccnc(S)n1,3.08
COc1ccc2nc(=N)n(C)cc2c1,10.63
Oc1ncc2c(n1)NCCN2,4.31
O=[N+]([O-])c1cnc2ccncc2c1,2.295
CCOC(=O)CCCCN,10.151
Nc1ccc2c(c1)CCCC2,5.17
N#CC(N)c1ccccc1,4.4
c1ccc(C(CCN2CCCCC2)c2ccccc2)cc1,8.91
CCC(C)(S)CN,8.19
Cn1cnc2cc(Cl)ncc21,2.74
CP(C)c1cccc(O)c1,5.89
Cn1cc(-c2ccc(F)cc2)cnc1=N,10.62
COc1cccc(N)n1,4.64
N[C@@H](Cc1nc(I)[nH]c1I)C(=O)O,2.72
OCc1cccnc1,4.9
Cc1cccc2cc3cccc(N)c3nc12,3.9
CN1CC[C@]23c4c5ccc(O)c4O[C@H]2[C@@H](O)C=C[C@H]3[C@H]1C5,8.21
CC(C)(CN)CN,10.22
C#CCN(C)C,7.45
c1ccc(-c2ccncc2)cc1,5.35
CC1=Nc2ccc(C)cc2C(O)(C(N)=O)N1,7.77
NC(N)=NCC(=O)O,2.82
CNc1ccc([N+](=O)[O-])cn1,2.74
Cc1nc(N)nc(C)c1-c1ccc([N+](=O)[O-])cc1,4.54
COc1cncc(Br)c1,2.6
Nc1nccc(S)n1,2.83
NCCC[C@H](N)C(=O)O,1.8225
Oc1ncccn1,2.15
NC(=O)[C@@H](N)Cc1ccc(O)cc1,7.48
Cn1c(=O)nc(N)c2nccnc21,2.94
FC(F)(F)c1cccc2ncncc12,3.2
CCCC(C)N(CC[N+]1(C)CCCCC1)c1ccccc1,3.42
CCCc1nc(N)nc(N)c1Cc1ccc(Cl)cc1,7.71
CCCCc1ccc(N(CC[N+]2(C)CCCCC2)C2CCCCC2)cc1,3.79
CN(C)c1ncnc2c1ncn2[C@@H]1O[C@H](CO)[C@@H](O)[C@H]1O,4.5
CNc1ccncn1,6.09
Cc1cc(NC(C)(C)C)nc(C)n1,7.86
CCOC(=O)c1scnc1C,1.69
Nc1nccn2c(S)ncc12,5.66
CCCCCCCCCCCCCCCCCCCCCCN,10.6
Nc1ccc([N+](=O)[O-])cn1,2.78
CCCCNc1cc(C)nc(C)n1,7.41
c1ccc(CNCCNCc2ccccn2)nc1,8.309999999999999
c1ccc2c(c1)ccc1nc[nH]c12,5.27
Cc1ccccc1CN,9.19
O=C(O)CN(CC(=O)O)c1ccc(N(CC(=O)O)CC(=O)O)cc1,2.79
CCSc1nc(C)c2ncn(C)c2n1,2.64
Nc1nncc2ccccc12,6.57
C[C@H](NCc1ccccc1)C(=O)NCC(=O)O,3.28
CC(=O)NC(C1=NCCS1)C(C)C,3.64
CON(C)C,3.65
CC(C)(S)CN,8.07
c1ccc(-c2nc(-c3ccccn3)nc(-c3ccccn3)n2)nc1,3.1
CC(N)C(=O)O,2.64
N=C(NO)C(N)c1ccccc1,7.15
Clc1cccc2ncncc12,3.73
Cc1ccn(C)n1,2.82
CC(C)N(CC[N+]1(C)CCCCC1)c1ccccc1,3.26
OC1=Nc2ncncc2NC1,3.325
Nc1c(C(=O)O)ncn1C1CCCCC1,3.17
CN(C)c1cc(Cl)nc(N(C)C)n1,3.64
Nc1nc(-c2ccccc2)cc(-c2ccccc2)n1,3.74
Nc1cc[n+]([O-])cc1,3.59
CNCCC(=N)NO,9.6
Nc1ccc2c(N)c3ccccc3nc2c1,11.46
CNc1ncnc(N(C)C)c1[N+](=O)[O-],2.85
NCC[C@H](N)C(=O)O,8.31
Cc1n[nH]c(C)c1C,4.63
O=C(c1ccccc1)N1CCNCC1,7.75
Nc1cc(N)nc(N2CCCCC2)n1,6.78
CCC(=O)C(CCN1CCOCC1)(c1ccccc1)c1ccccc1,6.95
CCC(C)(CC)Nc1ccccc1,6.34
NN(Br)c1ccccc1,4.54
OC1NC=Nc2cccc(F)c21,6.9
Cc1cc(NCC(C)C)nc(C)n1,7.49
COc1cccc(CCN)c1,9.89
CC(NN)C(F)(F)C(F)F,5.59
CN(C)c1nc2n(C)ccnc-2c(=O)n1,5.09
CNc1nc(C)ncc1N,7.4
Cc1cnc(N)nc1N,7.69
Cc1c[nH]nc1-c1ccccc1,2.68
COc1ccnc(N)n1,5.51
COC(=O)c1ccc(N)cc1,2.45475
O=C(O)CCNCCO,3.4
NCCNCCc1cccnc1,9.78
C1CNCNC1,9.75
CNc1ncnc2nn(C)nc12,3.72
Oc1ccnc2cccnc12,2.81
CNc1cc(Cl)nc(N(C)C)n1,3.98
O=C(O)[C@@H]1CCCCN1,2.29
Nc1ccc(Br)cc1Br,1.867
N[C@H]1C(O)O[C@H](CO)[C@@H](O)[C@@H]1O,7.57
COc1ccc(C(=O)N(O)c2ccccc2)cc1,2.05
Cc1c[nH]nc1C,3.91
CCCCCCN(CC[N+]1(C)CCCCC1)c1ccccc1,3.13
Cc1nc[nH]n1,3.28
COc1ccc2cncnc2c1C,3.78
CONC1NC(=O)Nc2nn[nH]c21,1.45
Cc1ncnc2c1ncn2C,3.16
CN(C)CC(=O)NCC(=O)O,3.11
Cc1nc(N)c2ncsc2n1,3.54
Nc1ccc2cc3ccccc3nc2c1,8.0
CN(CC[N+]1(C)CCCCC1)c1ccccc1,2.61
CSc1ccc(N)c(Cl)c1,2.56
COc1ccnnc1,3.66
c1cc2cc[nH]c2cn1,7.93
c1ccc2cnccc2c1,5.3999999999999995
Nc1ccc2nc3ccccc3cc2c1,5.84
Nc1ccc2cc3ccc4ccccc4c3nc2c1,6.68
Cc1nc(=N)n(C)cc1Br,10.28
CN1CCC[C@H]1c1cccnc1,7.966666666666668
CC1CCCC(C)(C)N1,11.21
Nc1ccccc1Cl,2.619166666666666
CC(C)CCOC(=N)N,10.11
Nc1cccc2ncccc12,5.345
CNNC1CCN(C)CC1,8.7
CC(=O)Cc1nc2ncccc2n(C)c1=O,1.58
CCOC(=O)COn1c(C)cc(C)nc1=O,2.85
NC(=O)c1ccncc1,3.61
CC(=O)c1ccncc1,3.51
CC(C)NCC(O)c1cccc(C(F)(F)F)c1,9.3
CNc1cnc2ccccc2n1,4.07
CC(C)C[C@H](NC(=O)[C@@H](N)CO)C(=O)O,3.08
CNCc1ccccc1,9.54
N#Cc1ccncc1,1.86
Cc1ccc2ccccn12,3.85
CCOC(=O)CNN,5.97
CCOC(=O)NCc1nccnc1N,2.8
COc1cccnc1C=O,3.89
NNc1ccc(Cl)c(Cl)c1,4.8
NC1CCc2ccccc21,9.21
CCn1cc(C)cnc1=O,2.75
CSc1ncc(NC=O)c(N)n1,3.66
Nc1cc(Oc2ccccc2)nc(N)n1,4.8
CNCc1ccccn1,8.96
OC1NC=Nc2c1cccc2C(F)(F)F,6.0
Cc1ccn2c1[C@H](O)CC2,9.51
COc1cccc(CN)c1OC,9.41
CC[C@@H](CO)NC(=O)[C@@H]1C=C2c3cccc4[nH]cc(c34)C[C@H]2N(C)C1,6.65
CN(C)c1nc(N)c2nccnc2n1,5.34
Nc1ccc(SC(F)(F)F)cc1,2.78
CCC(C)(C)N,10.656666666666666
COc1nccc2ccccc12,3.01
C[N+](C)(C)c1cccc(O)c1,7.982
CC(=O)c1ccc(N)c(N)c1,3.56
CN(C)c1ccnc(=O)n1C,6.02
NNCC(F)(F)F,5.38
Cc1ccnc2c1ccc1c(C)ccnc12,5.94
CCN(CC)CCNC(=O)c1cc(C)c(C)c(C)c1,9.067
NCCCN,10.53
CN(C)c1nc2ncncc2[nH]1,4.75
CC(C)CN,10.5075
CN(C)c1cc(N(C)C)ncn1,6.34
CNc1ncc(Cl)cc1Cl,3.01
CC(C)CNc1ccccc1,4.43
CC(=NO)C(C)(C)CCCCCN,9.12
CC(C)Nc1ncnc2[nH]ncc12,4.58
Oc1ncnc2ccccc12,2.06
CNc1ccncc1Br,7.315
C[C@@H]1N[C@H]1C,8.69
NNc1cnc2ccccc2c1,4.85
CC(C)N1CCC(NN)CC1,9.65
CN(C)c1ccc(Cl)cc1,4.395
NCc1ccc(Cl)cc1,9.14
CC(C)(C)c1cc2ccccn2c1,5.6
Cc1nncc2ccccc12,4.37
CN[C@@H](C)C(=O)O,2.22
Cc1nc2ccncc2nc1O,4.57
CC(C)(C)NC1CCCCC1,11.285
Nc1nc(N)c2nc(C(=O)O)cnc2n1,1.94
CC[As](=O)(CC)c1ccc(Br)cc1,2.81
Nc1cc(Cl)ccn1,5.7
C[C@H](N)C(=O)O,2.381375
Cc1cncc(C)c1N,9.345
CC(C=C(c1cccs1)c1cccs1)N1CCCCC1,8.41
CNc1nc(C)nc(NC)c1[N+](=O)[O-],3.38
Nc1cccc2nc3ccccc3cc12,6.0
CCNc1ncccn1,3.89
c1ccc(-c2c[nH]c(-c3ccccc3)n2)cc1,5.64
CCN(CC)CCC#N,7.65
CCC(N)=O,-0.49
CCOC(=O)c1ccncc1,3.45
Nc1cccc(=O)cc1,3.61
Cn1c(S)nc2ccncc21,5.05
NCC(O)CN,9.59
Nc1ccc2nc3cc(N)ccc3cc2c1,8.06
CCCCCN,10.6925
COC(=O)C1=CCCN(C)C1,7.64
CCOC(=O)C[C@H](N)C(=O)OCC,6.4
O=C(O)c1ccccn1,0.9533333333333336
Nc1c(Cl)cccc1Cl,0.422
CCNc1ccccc1[N+](=O)[O-],-0.21
Nc1cccc2c1ccc1ncccc12,5.16
Cc1nc(N)nc(N)c1-c1ccccc1,7.4
COc1ncnc2c1cnn2C,2.47
NC(CCCCC(N)C(=O)O)C(=O)O,2.62
Cn1nnc2[nH]c(N)nc(=O)c21,1.58
CN(C)c1ccc(/N=N/c2ccc(S(=O)(=O)[O-])cc2)cc1,3.41
Oc1nc2ncncc2[nH]1,2.56
CNc1ncnc(NC)c1NC=O,4.95
CC(C)C[C@H](N)C(=O)N[C@@H](CC(N)=O)C(=O)O,2.915
CCc1cscn1,3.204
CNc1cc(Cl)nc(NC)n1,4.04
Cc1cnc[nH]1,7.61
O=C1C[C@@H]2OCC=C3CN4CC[C@]56c7ccccc7N1[C@H]5[C@H]2[C@H]3C[C@H]46,8.26
CCCNc1ncnc2c1cnn2C,4.21
CC(CC(c1ccccc1)c1ccccc1)N1CCOCC1,6.85
CC(C)NCC(O)c1ccc(NS(C)(=O)=O)cc1,8.36
Oc1cccnc1,4.986666666666667
N[C@@H]1CCC[C@H]1O,9.28
CCN(CC)C(C)CNC(=O)c1cc(C)cc(C)c1,9.4
COc1ccc(C(O)NC(C)(C)C)cc1OC,9.73
Cc1ccccc1C(O)CNC(C)C,9.01
CN(C)CCC(c1ccccc1)c1ccccc1,9.35
Nc1ncc(NC=O)c(N)n1,6.03
Nc1nc(O)c2nccnc2n1,2.27
COC(=O)[C@@H](N)CO,7.0566666666666675
CN(C)CCN1CCCC1,9.439
O=[N+]([O-])c1cnc2cccnc2c1,0.63
CCCOP(C)(=O)SCCN(C)C,7.77
Cn1cnc(=N)c2ccccc21,11.15
CC1CN=C(C(C)(C)C)S1,5.018666666666667
CCCNCCNCCC,10.27
COc1ccc(CC(C)N)cc1,9.53
Cc1ccc2c(c1)NCCN2,4.97
CNc1nc(N)cc(Cl)n1,3.79
COC(=O)C(N)CN,8.33
Cc1cccc(C(O)CNC(C)C)c1,9.45
CC[As](=O)(CC)c1ccc(N(C)C)cc1,3.61
Nc1nc(N(CCO)CCO)nc(N(CCO)CCO)n1,5.15
CCCCCCNc1ncnc2c1cnn2C,4.2
Cc1nnc(N)n(C)c1=O,4.52
CN(C)c1nc(N(C)C)c2[nH]c(=O)cnc2n1,5.1
CSc1ccc(N)cn1,3.03
CC(C)NC(=N)Cc1cccc2ccccc12,11.7
COc1ccc2c3c1O[C@H]1[C@@H](O)C=C[C@H]4[C@@H](C2)N(C)CC[C@@]341,8.21
Nc1ccc(-c2ccc([N+](=O)[O-])cc2)cc1,3.86
Cn1c(N2CCCCC2)nc2cncnc21,4.06
CC(C[C@H](N)C(=O)O)C(F)(F)F,2.045
COc1ccccc1N,4.5156363636363634
CC(C)(C)c1nccs1,3.075
CCCNC(=N)Cc1ccccc1,11.97
CN1C=CC=C(S)C1,2.25
Cc1n[nH]cc1Cl,1.42
Cc1ncc2ccccc2n1,4.51
COC(=O)[C@@H](N)CC(C)C,7.625
COC(=O)[C@@H](N)C(C)C,7.49
Cc1ncc(COP(=O)(O)O)c(CN)c1O,3.69
Cc1cc2ncn([C@@H]3OC[C@@H](O)[C@@H](O)[C@H]3O)c2cc1C,4.68
C1CNCCN1,9.766818181818184
COC(=O)[C@@H](N)Cc1cnc[nH]1,7.376666666666666
CCOC1CN(C)c2c([N+](=O)[O-])c(=O)n(C)c(=N)n21,4.91
NCCSC[C@H](N)C(=O)O,8.22
CCCCN1CCCCC1,10.45
NC(=O)C[C@H](N)C(=O)O,2.1765
CC(C)C1=Nc2ccccc2C(O)N1,8.41
Nc1ccn(-c2ccccc2)n1,2.96
Nc1ccc2nc3ccc(N)cc3cc2c1,6.14
Cc1cc(N)cc2ccccc12,4.31
CCCCCCCN(CC[N+]1(C)CCCCC1)c1ccccc1,3.21
N[C@@H]1CCC[C@@H]1O,9.7
Nc1cccc(S(N)(=O)=O)c1,2.9
CO[C@H]1O[C@@H](CO)[C@H](O)[C@@H](N)[C@@H]1O,7.58
OCCN(CCO)c1ccccc1,4.25
CSc1ncc(C)s1,2.55
CCCCN1CCCC1C,10.61
Nc1ccc(Cl)cc1,3.9945384615384616
CCN(CCCl)CCCl,6.55
CC1=Nc2ccc(F)cc2C(O)(C(N)=O)N1,7.13
C=C=Cc1c(C)nc(NC)nc1C,4.85
CNc1nccc(N(C)C)n1,8.1
Cc1ccnc(N)n1,4.11
CCCn1cccnc1=O,2.7
Nc1cccc2c1CCCC2,4.47
Cc1ccc(N)c(N)c1,4.68
c1ccc2cc3[nH]cnc3cc2c1,5.21
c1ccc(CNc2ncnc3[nH]ncc23)cc1,4.12
ON=Cc1ccccn1,3.518571428571428
NCCCCCc1ccccc1,10.44
O=C(CCNC(=O)OCc1ccccc1)N[C@@H](Cc1cnc[nH]1)C(=O)O,2.69
CCCN[C@@H](C)C(=O)O,2.21
CNc1ncc2[nH]cnc2n1,3.99
COc1cc(N)cc2ccccc12,4.05
CN(N)c1ccccc1Cl,4.78
Cc1ccccc1N(C)N,5.29
NCCNCCO,9.69
Cc1cc(Cl)ccc1N,3.848
CN1c2cncnc2N=C(O)C1O,2.88
Nc1nnc(Cc2ccc(Cl)cc2)c(N)n1,6.47
CSc1ncnc2ccccc12,2.97
CC(C)NCC(O)c1ccc(O)cc1,9.17
CN(CCO)CCO,8.466666666666667
COc1ccc(CN(C)C)cc1,9.32
Cc1cc[nH]n1,3.32
NCCN(CCN)CCN(CCN)CCN,10.2
CC(C)(C#N)N1CCCCC1,9.22
COC1c2ccccc2N=CN1C,7.66
Cc1cncc(C)c1N(C)C,7.965
CCCCCc1ccccn1,6.0
CCOc1nc2cncnc2n1C,3.45
CCN(CC)CC#N,4.55
CCCC[C@H](N)C(=O)OC,7.682
O=[N+]([O-])c1cccc(-n2ccnc2)c1,5.07
CCOC(=O)c1cccnc1,3.35
NCCCCCCC(=O)O,4.502
c1ncc2[nH]ccc2n1,4.24
Cc1cc(C)nc(C)c1,7.3975
O=C1CNC2=NCCN12,6.82
CC1CCCN(C(C)C=C(c2cccs2)c2cccs2)C1,8.23
CCCC(=O)SCCN(C)C,8.32
C=CCNCC=C,9.29
CCCCOc1ccc(C(O)CNC(C)C)cc1OCCCC,9.58
N#CCCNN,5.91
CCN,10.698555555555554
Nc1cccc(OC(F)(F)C(F)(F)F)c1,3.24
Cc1cncs1,3.081666666666667
Nc1ccccc1,4.621545454545455
COc1cc(N)cc(Cl)c1,3.1
Cc1cnccc1[N+](=O)[O-],2.185
CCCON=Cc1ccncc1,4.79
COc1ccc2cncnc2c1,2.84
CCC(N)C(=O)OC,7.64
CNc1ncnc(NC)c1NC,5.96
Nc1nc(N)c2[nH]c(N)nc2n1,6.17
Cc1cccc2ncc3ccccc3c12,4.7
NC1CC1c1ccc(Cl)cc1,8.11
Cn1cc(C(N)=O)cnc1=N,9.08
NCCSCCO,9.265
CCc1ccc(C)nc1,6.51
CCCCCCCCCCCN,10.63
Sc1cccc2cccnc12,2.0149999999999997
C1CC[C@H]2NCCC[C@@H]2C1,11.29
CCc1cccc(N)c1,4.7
CCN1CCCCC1C,10.66
CO[C@@H]1O[C@H](CO)[C@@H](O)[C@H](O)[C@H]1N,7.19
COc1cccc2nc(=N)n(C)cc12,10.23
NNc1ccccc1C(=O)O,3.45
Cn1cc(Cl)cc(Cl)c1=N,10.14
Cc1nc2ccncc2n(C)c1=O,4.33
Nc1cnc(N)nc1,3.93
Cc1nc2c(N)nc(=N)n(C)c2nc1C,11.86
NNCCOc1ccccc1,6.8
COc1ccccc1CCN,10.2
COc1ccc(N)cc1[N+](=O)[O-],3.36
CNCCOC(c1ccccc1)c1ccccc1,9.12
CS(=O)c1ccncc1,2.94
NCCCNCCc1ccccn1,10.21
Nc1ncc([N+](=O)[O-])c(N)n1,2.58
Cc1nc2ccccc2cc1O,5.61
CC(C)NCC(O)c1ccccc1C(F)(F)F,9.31
Nc1c(Br)cccc1Br,0.168
CSc1cccnc1,4.42
CN(C)c1ccncn1,6.345000000000001
c1cc2nccnc2cn1,2.6799999999999997
ON=Cc1ccncc1,4.73
Clc1nccc2[nH]cnc12,2.2
CC(CN(C)C)C(C#N)(c1ccccc1)c1ccccc1,7.85
COc1ccc(Sc2cnc(N)nc2N)cc1,5.94
CCCc1nc(N)nc(N)c1-c1ccc(Cl)cc1,7.35
CSc1ccnc2ccccc12,5.85
NC1CC1c1ccc(Br)cc1,8.13
CCN(CC)CCCNC(=O)c1cc(C)cc(C)c1C,9.673
O=[N+]([O-])c1ccc2ncncc2c1,4.16
Cc1cccc2cc3cccc(C)c3nc12,4.51
Cc1nc(N)nc(C)c1-c1cccc([N+](=O)[O-])c1,4.47
Nc1ncncc1Br,3.97
Nc1ccc(Cl)cc1N,3.83
CSc1ncc(N)c(N)n1,5.03
Cc1ccc(N)cc1C,5.234999999999999
CCOC(=O)N1CN=Cc2nccnc21,3.62
O=C(O)CN1CCOCC1,1.91
CC(=O)NN=C1CCN(C)CC1,7.45
CCOC(=O)[C@@H](N)C(C)C,7.75
Cc1ccc2c(C)[n+]([O-])cnc2c1,0.4
N=C(NO)c1ccccc1N,4.5
CCN1CC2=C(N=C1O)N(Cc1ccccc1)C(C)C(C)=N2,0.15
COc1ncc(-c2ccc(N(C)C)cc2)cn1,4.31
O=[N+]([O-])c1ccccc1-n1ccnc1,5.08
C[N+](C)(C)c1cccc(C(=O)O)c1,3.217
Clc1cnc2cncnc2n1,3.21
CCCNCCNCCNC(C)C,10.21
CC1=NCCS1,5.22
NCCCC([N+](=O)[O-])[N+](=O)[O-],3.93
COC(=O)[C@H](CC(C)C)NC(=O)[C@@H](N)Cc1c[nH]cn1,7.88
Cc1ccc(N)cc1Br,4.04
COC(=O)C[C@@H](N)c1ccccc1,7.025
Oc1ccc2nnccc2c1,3.63
CCC1=NCC(C)S1,5.235333333333333
CC(CC(C#N)(c1ccccc1)c1ccccc1)N(C)C,8.26
Nc1ncc(Br)cn1,1.95
Nc1ncc(-c2ccc(Cl)cc2)cn1,3.14
CCOC(=O)C[C@@H](N)c1ccccc1,7.12
c1ccc(CCNc2ncnc3[nH]ncc23)cc1,4.34
CC(C)NCCN,10.62
Cc1cnn(C)c1,2.48
CCN(CC)CCCC(C)Nc1cc(OC)cc2cccnc12,10.13
Cc1cn(-c2ccc([N+](=O)[O-])cc2[N+](=O)[O-])cn1,4.84
NCCCCCC(=O)O,4.3715
Cn1c([N+](=O)[O-])cnc1N1CCCCC1,2.72
Cc1cc(-c2ccccc2)[nH]n1,2.92
C=CCc1c(C)nc(N)nc1C,5.1
NCc1ccc2c(c1)OCO2,9.37
CN(C)c1ccc2ccccc2c1,4.566
CN(C)c1cnccn1,3.24
CCSc1ncccn1,0.7
Cn1cc2ccccc2nc1=N,10.26
Nc1ccc(F)cc1,4.618333333333333
Cc1ccnc2ccccc12,5.67
Nc1ccc(Cl)c([N+](=O)[O-])c1,1.93
CC(C)NCC(O)c1cccc(F)c1,9.46
Nc1cnc(Cl)cc1Cl,0.73
CNc1ncnc(N)c1N,5.9
CCCN(C)C1CCc2ccccc2C1,9.83
NC(=O)[C@@H](N)Cc1ccccc1,7.22
CN(C)Cc1ccc(Cl)cc1,8.83
Cn1cnc2cncnc21,2.27
Cc1cnc(C)s1,3.91
CNc1c(C)nc(SC)nc1N,5.36
CNCc1ccc(OC)cc1,9.97
NCC(=O)N1CCC[C@H]1C(=O)O,2.89
COc1cccnc1,4.86
CCOP(=O)(OCC)SCCN(C)C,7.73
c1cnc2c(n1)CNCN2,5.62
CN(N)c1ccc(Br)cc1,4.62
CSCCN,9.41
C#CCc1c(C)nc(N)nc1C,4.49
Clc1c[nH]nc1-c1ccccc1,0.26
CNc1ccnc(O)n1,4.53
Cc1cnc2[nH]ccc2c1,4.86
Cc1cnc2ccccc2c1,5.17
COc1ccc2c3c1O[C@H]1[C@@H](O)CC[C@H]4[C@@H](C2)N(C)CC[C@@]341,8.75
Cc1nc(C)c(C)c(N)c1C,10.39
C[C@H]1CCN[C@@H](C(=O)O)C1,2.27
Cc1ccnn1-c1ccc([N+](=O)[O-])cc1,0.62
c1cncc(CNCc2cccnc2)c1,7.15
NNc1cccc2cccnc12,5.27
NC1=NC2=C(CCCC2)C(C(=O)O)N1,2.71
CN(N)c1ccccc1Br,4.68
CC(N)C(N)=NO,9.15
Nc1nc(N)c(Cl)c(N)n1,5.15
Nc1ccc(C(=O)c2ccccc2)cc1,2.1740000000000004
CNc1nccc(O)n1,3.9
O=[N+]([O-])c1cccc2[nH]cnc12,3.33
Nc1nc(O)nc2nccnc12,2.95
CC(CC(C#N)(c1ccccc1)c1ccccc1)N1CCOCC1,6.05
CN(C)c1nccc(O)n1,3.65
COc1ccc2nccc(N)c2c1,8.93
Cc1nc(N)nc2nccnc12,2.81
COc1ncnc2nc[nH]c12,2.17
c1cnc2c(c1)ccc1cccnc12,4.9159999999999995
CNc1ncc(-c2ccc(OC)cc2)cn1,3.54
Cn1c(N)nncc1=O,3.95
c1cn[nH]c1,2.52
C=CCc1c(C)nc(NC)nc1C,5.31
Nc1nc(N)c(Br)c(N)n1,5.17
CCN(CC)CCCNC(=O)c1cc(C)cc(C)c1,9.834
CN(c1ccccc1)C(C)(C)C,7.39
CC(=O)NCC(=O)NC(Cc1cn(Cc2ccccc2)cn1)C(=O)NCC(=O)O,3.3
Cn1cnc2cc(N)ccc21,6.31
Cc1nc2cnc(N)nc2nc1C,3.39
CCn1cccnc1=N,10.92
Cn1c(S)nc2cnccc21,5.03
CC(C)NCc1ccccc1,9.69
CC(O)C(N)C(=O)O,2.32
Cn1cc(N)ccc1=O,3.8
COC(=O)C(N)Cc1ccccc1,7.0
CC1=Nc2ccccc2CN1,10.14
CCC1(c2ccccc2)C(=O)N(CCN2CCOCC2)C(=O)N=C1O,5.44
Cc1cccc(CCO)n1,6.1
O=[N+]([O-])c1cccc2ccncc12,3.55
NCCc1ccccc1,9.86
COc1ccc2ccccc2n1,3.16
CSc1nc2cnc(Cl)cc2[nH]1,2.32
CC(C)NCC(O)c1ccc(F)cc1,9.35
CCC1(CC)C(=O)N(C(C)CN2CCOCC2)C(=O)N=C1O,5.94
CSc1cc(C)nc(C)n1,4.0
CCN(CC)CCO,9.8106
COc1ncc(-c2ccc(N)cc2)cn1,4.02
Cc1cccc2ccc(C)n12,6.44
CSc1nc(C)cs1,2.5
Cc1nc2ncnc(N(C)C)c2nc1C,4.82
NC[C@H](O)c1ccc(O)c(O)c1,3.3
NC1=Nc2nccnc2C(O)N1,6.46
CNC(=O)c1c(NC)ncn1C,4.57
CC(=O)N1CCNc2nc(N)nc(N)c21,5.84
CN1CC(S)=Cc2ccccc21,2.36
CSC(=O)c1[nH]cnc1N,3.38
CC(C)NCC(O)c1ccc(S(N)(=O)=O)cc1,9.26
Cc1cc([N+](=O)[O-])ccc1N,0.94
Nc1cc(S(=O)(=O)O)ccc1O,4.121
CN(C)c1nc(N)nc2nccnc12,6.06
Cc1cc(C)c(C(=O)NCCN(C)C)c(C)c1,7.946
COc1ncccc1O,2.1
Cc1ccccn1,5.964333333333333
CC(=O)OCc1c[nH]cn1,6.2
CC(C)NCCNC(C)C,10.4
Cn1cccc2c(=O)cccc1-2,6.09
Nc1nc(N)c2[nH]cnc2n1,5.05
Nc1cc([N+](=O)[O-])c2ccccc2c1,2.43
NNc1ccc(Cl)cc1,5.1
OCc1ccncc1,5.33
CCCCNc1ccnc(O)n1,4.67
Cn1cnc2c([N+](=O)[O-])cccc21,3.86
Nc1nc(N)c2c(n1)Nc1ccccc1S2,4.99
Nc1ncc(Cl)cc1Cl,2.75
Nc1ccc(S(=O)(=O)c2ccc(Cl)cc2)cc1,1.39
c1nc(CC2CN2)c[nH]1,7.61
CC[As](=O)(CC)c1ccc(Cl)cc1,2.79
Oc1ccc2c(cnc3ccccc32)c1,4.35
CC(C)NCC(O)c1ccc(C#N)cc1,9.28
CCCON=Cc1cccnc1,4.1
CN1CCCCC1,10.18
CC(C)NCC(O)c1cccc(Br)c1,9.37
NCc1ccc(F)cc1,9.3
CC(C)NCC(O)c1ccccc1I,9.32
Nc1ccc(-c2cnc(N)nc2)cc1,4.21
Cn1c(N)nc2nc(C(F)(F)F)[nH]c2c1=O,1.45
COc1nccc(N(C)C)n1,6.15
C=C(Br)C=CC1(C(C)C)C(=O)N(CCN2CCOCC2)C(=O)N=C1O,4.98
NCc1ccccn1,8.566666666666666
CCn1cccn1,2.0
Cc1cc(N)nc2c1ccc1ccccc12,6.7
NCc1ccc(Br)cc1,9.13
Cc1nc2ccccc2[nH]1,6.18
COc1ccc(CC(C)N)cc1OC,9.6
CC(C)C1CC[C@@H](C)C[C@H]1N,10.555
CCC1CSC(C(C)C)=N1,5.276
Cn1c(N)nc2nccnc2c1=O,2.1950000000000003
c1ccc(-c2nc3ccccc3[nH]2)cc1,5.23
C[Si](C)(C)c1ccc(N)cc1,4.36
N[C@H](C(=O)O)C(O)CC(=O)O,2.27
CN(N)c1ccc([SH](=O)=O)cc1,2.03
CCOc1ncc2ncn(C)c2n1,2.53
NCCCNCCO,10.19
CC(N)CO,9.43
Cc1cc(C)n(C)n1,3.8
NCC(=O)N[C@@H](Cc1ccc(O)cc1)C(=O)O,2.98
Clc1ccnc2c1ccc1cccnc12,4.3
Cn1c(N)c(C=O)cnc1=N,8.45
NC1(C(=O)O)CCCCCC1,2.59
CCOC(=O)C(C(=O)OCC)C1Nc2ncncc2N=C1O,4.11
CC(=NO)C(C)(C)C(N)C(N)C(C)(C)C(C)=NO,8.34
Cn1cnc2cnc(N3CCCCC3)nc21,4.1
CCc1cnc(NC)nc1,4.29
CN(C)CCN(C)CCN(C)C,9.35
COc1ncncc1-c1ccccc1,2.94
CCCCCCCCCCCCNCCCCCCCCCCCC,11.0
CCC[C@H](N)C(=O)OC,7.662
CC(C)(C)Nc1ccncn1,6.57
COc1cc(C)c2c(n1)OCCC2,3.04
Cc1cnnc2c(O)cccc12,3.16
CN(C)c1ccc(-c2cnc(N)nc2)cc1,4.67
OCCc1ccncc1,5.6
Nc1c2[nH]cnc2nc[n+]1[O-],2.69
CSc1ncnc2nccnc12,2.53
Nc1ccc(SCC(=O)O)cc1,3.1
c1ccc(-n2ccnc2)cc1,5.83
CCCN(CCC)Cc1cccnc1,8.58
CSc1ccc(C(O)CNC(C)C)cc1,9.06
CC(=O)Nc1ncnc2nccnc12,1.21
COc1ccccc1CN,9.7
NCCCCO,10.365
CCNCCNCC,10.31
CSCc1ccccn1,4.640000000000001
N=c1ncccn1Cc1ccccc1,10.11
O=Cc1ncccc1O,3.4
C(=NNc1ccccn1)c1ccccn1,5.6575
Cc1n[nH]c(-c2ccccc2)c1C,3.47
CC(=O)c1ccc(N)cc1,2.29
CCc1ccccn1,5.95
CN(C)C=Nc1nnn(C)c1C#N,3.51
Nc1cccc2nccnc12,2.59
COC(=O)CCN,9.17
NNc1ncnc2nccnc12,3.98
CC1CCNC(C)(C)C1,11.04
c1ccc(Cn2ccnc2)cc1,6.66
CCOC(=O)CCCCCN,10.3
CN(C)N=Cc1[nH]nnc1NC(N)=O,2.49
c1cnc2cc[nH]c2c1,6.92
[O-][n+]1ccccc1O,-0.62
CC(C)Nc1ccc([N+](=O)[O-])cc1,1.32
CCCCCCc1ccccn1,5.95
NCC[SeH],5.01
Nc1cc(C(=O)O)cc2ccccc12,2.89
CC(C)NCCc1ccccc1,10.02
CC(C)NCC(O)c1cccc(C#N)c1,9.33
CCN(CC)Cc1cccnc1,8.55
CC(C)NNC1CCN(C(C)C)CC1,9.55
Nc1cc(I)cc(I)c1,2.3686
CCNc1ncnc2[nH]ncc12,4.56
C[N+](C)(C)c1cccc(N)c1,2.22
COc1ccc(NN)cc1,5.71
Cc1ccc(C)c(N)c1,4.550000000000001
CN(C)CCN,9.53
c1ccc2c(CC3NCCN3)cccc2c1,10.35
Nc1ccc(F)cc1N,4.28
O=C(c1ccccc1)c1ccncc1,3.35
Nc1ccccc1Br,2.5166
CN(C)c1nc(N)ncc1[N+](=O)[O-],3.44
C#CCN(CC)CC,7.97
CCc1n[nH]c(CC)c1C,4.51
CCOC(=O)c1ncnc2ncc(C)nc12,3.69
Nc1nc(N)c2nccnc2n1,5.3
CCCCCC(C)(C)N,10.73
Nc1ccc2c(c1)Cc1c-2ccc2ccccc12,4.67
CC1=NN(C)CC1,4.85
CSc1ccncn1,2.41
N[C@@H](CCS)C(=O)O,2.222
c1ccc2nnccc2c1,2.3200000000000003
COc1ccc(N)cc1,5.339076923076923
CSc1cc2ccccc2cn1,3.37
C[C@H](NC(=O)[C@@H](N)CCCCN)C(=O)O,7.62
CC(O)(C(=N)N)c1ccccc1,10.96
Cc1ncc[nH]1,7.8555
NCCOP(=O)(c1ccccc1)c1ccccc1,8.22
O=[N+]([O-])c1cccc2c1C(O)NC=N2,6.43
Cn1ccnn1,1.25
CSc1cccc2ncccc12,4.46
CCCCCNc1ncccn1,4.03
CC(C)=NNC1CCN(C)CC1,8.9
CNc1c(C)c(C)nc(C)c1C,9.885
Nc1nc2ccccc2[nH]1,7.51
Brc1cncc(Br)c1,0.82
Oc1cnc2ncncc2n1,3.65
CC(C)Nc1ncnc2c1cnn2C,4.18
COc1ccc(CSC)c(CSC)n1,2.64
CC1=Nc2cnc(O)nc2NC1,3.38
Nc1ccc2nccnc2c1,2.92
CC(=O)CC1Nc2ncncc2N=C1O,4.69
CSc1nc2cnccc2[nH]1,5.98
CC(=O)N[C@@H](Cc1ccc(O)cc1)C(=O)O,3.81
CC(=O)N=C1NCCN1,7.48
Nc1ccc(Cl)c(Cl)c1,2.968
Oc1nc2cnccc2[nH]1,6.12
CNc1ncc(NC=O)c(N)n1,6.09
Cn1nnc(N)c1C(N)=O,0.69
Nc1nc2ccccc2c2ccccc12,7.25
Cn1cnc2ncn(C)c2c1=O,2.13
CC(=O)N1CCNC1=N,9.06
Sc1cnc2ccccc2c1,2.29
Cc1cccc2cncnc12,3.18
Nc1cc2cc(Cl)ccc2nn1,3.24
OCCN(CCO)c1nc(N(CCO)CCO)nc(N(CCO)CCO)n1,4.7
c1ccc2c(c1)ccc1ncccc12,5.11
Cc1ccccc1C=Cc1ccc(N(C)C)cc1,4.67
Clc1ncnc2nc[nH]c12,0.45
CCN(CC)CCN(CC)CC,9.535
Cc1ccn(-c2ccc([N+](=O)[O-])cc2)n1,0.14
Cc1cn[nH]c1,3.09
Cc1nc(=O)c2c([nH]1)CCCC2,3.73
CCCCOc1ccc(C(O)NC(C)CC)cc1OC,9.47
C[C@@H]1CCCC[C@H]1N,10.565
CCn1cc(Br)cnc1=N,10.045
Nc1ccccc1F,3.1300000000000003
CSc1cnc2cncnc2n1,2.46
NC1=Nc2nccnc2CN1,7.68
CC(C)(CN)c1ccccc1,10.08
CCOC(=O)CNc1ccccc1,2.08
Cc1n[nH]c2c1CCCCC2,4.57
CCOC(=O)c1cccc(NN)c1,4.81
Nc1cccc2ccccc12,3.94
Nc1nc2ccccc2o1,3.7
O=CN1CCNc2ncncc21,4.99
N[C@@H]1O[C@H](CO)[C@@H](O)[C@H](O)[C@@H]1O,5.35
Nc1ncncc1NCC(=O)O,2.99
O=C(O)c1ccncc1,1.7625
COc1ccc(NCC(=O)O)cc1,2.08
CC(C)NCC(O)c1ccc(Cl)cc1,9.21
C=CCN(CC(=O)O)CC(=O)O,2.43
OC1NC=Nc2cc(C(F)(F)F)ccc21,6.85
CNC[C@H](O)[C@@H](O)[C@H](O)[C@H](O)CO,9.39
CC1(C)CCCC(C)(C)N1,11.125
CCCCNc1ncccn1,4.14
Nc1ccccc1[N+](=O)[O-],-0.2203846153846154
N#Cc1cccnc1,1.35
N=C(CC(N)c1ccccc1)NO,8.0
CCC1CCCNC1O,9.09
Nc1cccc2ccnnc12,3.66
Nc1cnc(S)nc1N,2.93
c1cnc2ncncc2n1,4.05
O=[N+]([O-])c1ccc2cccnc2c1,2.4
OCCN(CCO)CCN(CCO)CCO,8.415
COC1=Nc2c(N)nc(N)nc2NC1,6.14
Cc1ccn(C)c(=N)n1,11.05
Cc1nc2nc(NCC(C)C)nc(C)c2nc1C,3.08
CC(C)(C)c1cscn1,3.048
CCNCCO,9.924666666666669
N=C(N)NCCC[C@H](NC(=O)c1ccccc1)C(=O)O,3.24
CCCCCCCCCCCCCN,10.63
NNc1ccnc2ccccc12,8.85
CN(C)C1CCCCC1O,10.32
CC(N)Cc1ccc2c(c1)OCO2,9.67
Cc1nc2c(O)nc(N)nc2n1C,4.11
O=C(O)CCP(CCC(=O)O)CCC(=O)O,2.89
O=C(NC1=NCCCN1)c1ccccc1,7.12
CC(O)CN(CCN(CC(C)O)CC(C)O)CC(C)O,8.795
CC(C)(C)c1cccc(N)c1,4.66
CN=c1ncc(C=O)c(N)n1C,8.66
CCCCOc1ccc(C(O)NC(C)(C)C)cc1OC,9.73
CCCCCCCCCCCCCCCCCCN,10.6
N=C(CCNc1ccccc1)NO,5.35
NC(=O)C1(O)NC=Nc2ccccc21,6.88
CC1=Nc2nccnc2CN1,7.26
CNCCO,9.825
CC(C)(C)c1ncc2ccccc2n1,4.12
CCC1(c2ccccc2)C(=O)N(C(C)CN2CCOCC2)C(=O)N=C1O,5.63
CSC1=Nc2nccnc2CN1,4.96
c1ccc(-c2ncc[nH]2)cc1,6.441000000000001
CCOC(=O)[C@@H](N)Cc1ccc(O)cc1,7.33
Nc1ccccc1-c1ccccc1,3.825
CNc1ncc(C(N)=O)c(C)n1,2.84
CNc1ncc(Br)cn1,2.09
c1ccn2cncc2c1,5.54
CSc1cc(N)ncn1,3.94
NNCCO,7.12
COc1cnc2ncncc2n1,3.57
C=CCc1c(C)nc(=N)n(C)c1C,11.94
Oc1ccc2nc3ccccc3cc2c1,5.48
NNC(=O)C(N)Cc1ccccc1,7.06
C#CCc1c(C)nc(O)nc1C,3.51
N#CC(CCN1CCCCC1)(c1ccccc1)c1ccccc1,8.02
Nc1ccccc(=O)c1,3.33
COc1ccncc1N,7.3
Ic1ccncc1,4.02
O=C(O)CN1CCCCC1,2.0549999999999997
c1ccc2ncccc2c1,4.89
CN(C)c1nc2c(c(N(C)C)n1)NC(=O)CN2,5.16
OCCCNCCCl,7.48
CCc1ncc2ccccc2n1,2.9
CNc1c(C)cncc1C,9.47
CC(=O)SCCN(C)C,8.27
N[C@@H]1CCCC[C@H]1N,9.77
CCn1c(C)ccnc1=O,3.42
c1ncc2c(n1)NCCN2,6.6
Cc1cccc2ncccc12,5.2
Nc1cnc2ncncc2n1,4.13
Nc1cc(C(=O)O)cc([N+](=O)[O-])c1,1.55
Nc1cnc2c(N)ncnc2n1,4.96
NCCOS(=O)(=O)[O-],9.188333333333333
Cn1cnc(N)c(N)c1=O,3.42
CSc1cc(N)nc(N)n1,5.44
Nc1ncnc(O)c1N,3.54
CCC(=O)OC(C)CN(C)C,8.26
Cn1nc2ncnc(N)c2n1,3.49
C=CCNc1nc(C)c2nc(C)c(C)nc2n1,3.77
c1ccc(-c2nccs2)nc1,2.235
CNC,10.8468
CN(C)CCC(c1ccc(Cl)cc1)c1ccccn1,9.13
Nc1cc(Sc2ccc(Cl)cc2)nc(N)n1,5.02
c1cnc2ncncc2c1,3.85
O=C(O)CNCC(=O)O,2.738
CC(NC(=O)CN)C(=O)O,3.215
CN(C)c1ccccc1,5.1193333333333335
Cc1nc(N)nc2ccccc12,5.31
O=C(O)CN(CCOCCN(CC(=O)O)CC(=O)O)CC(=O)O,2.76
CCN1CCC=C1C,11.84
NNc1ccc(C(=O)O)cc1,4.13
CCN(CC)CCNC(=O)c1cccc(C)c1,9.047
Nc1nc(N)c2c(-c3ccc(Br)cc3)csc2n1,4.47
COc1cc(N(C)C)ncn1,4.27
CC(C)NCCNCCNC(C)C,10.21
CC(C)(C)c1ncnc2ccccc12,9.34
Cc1cc(N)c2ccccc2n1,9.42
NCc1nc2ccccc2[nH]1,7.69
c1cnc2nc[nH]c2c1,3.92
c1ccc(CN=c2ncccn2Cc2ccccc2)cc1,10.55
CCc1ncnc2ccccc12,2.895
Cc1nc(N)nc(C)c1-c1ccc(N(C)C)cc1,5.31
CN(C)Cc1ccc(F)cc1,8.94
Cc1n[nH]c(N)nc1=O,2.19
NCC(O)CC(=O)O,3.8
CC(C)(C)[C@@H]1CCN[C@@H](C(=O)O)C1,2.59
O=C(O)c1ncnc2ccccc12,3.4
NC(=NO)C(N)=NO,2.963333333333334
COCCN(CCOC)CC(=O)O,1.89
CCC(N)CC,10.505
CN(C)Cc1c(O)c(O)c(CN(C)C)c2ccccc12,5.07
Oc1ccc2cnc3ccccc3c2c1,5.31
CC(C)NCC(O)c1ccc(N)cc1,9.74
CN(C)c1ncccn1,3.983333333333333
Cc1c(N)ccc2c1-c1ccccc1C2,4.83
Cn1ncc2c(N)ncnc21,4.28
Cn1c(N)cnc2c(=O)ncnc1-2,6.28
CCCCNCCN,10.3
COc1scc2c1CCCN2,2.26
CN(CC(=O)O)C(=N)N,2.58
Nc1ccc2nc3ccccc3nc2c1,4.71
c1cc(-c2ccncc2)ccn1,4.82
CCCCNc1ncnc2c1cnn2C,4.18
c1ccc2[nH]ncc2c1,1.32
Cn1nc2ncnc(NN)c2n1,4.1
c1nc2ccc3c(c2[nH]1)CCCC3,5.95
COc1ccc2c(c1)N=CNC2O,7.35
CN(N)c1cccc(Cl)c1,4.43
CCN(CC)CCNC(=O)c1c(C)cc(C)cc1C,8.705
Cc1nc(N)[nH]c1C,9.21
CCc1cc[nH]n1,3.3
CC1NC=Nc2ccccc21,9.15
C[C@H](NC(=O)[C@H](C)NC(=O)CN)C(=O)O,3.34
O=C(O)CN(CCCCN(CC(=O)O)CC(=O)O)CC(=O)O,2.66
Cc1ccnc2[nH]ccc12,5.18
N[C@@H](CCCC(F)(F)F)C(=O)O,2.16
Sc1nc2cnccc2[nH]1,4.93
Nc1ccc(NC(=O)c2ccc(Cl)cc2)cc1,4.54
Cc1nc(NCc2ccco2)c2cn[nH]c2n1,4.61
O=C(Nc1ccccc1)c1c[nH]cn1,3.75
COC(=O)c1cc(C(=O)OC)c(C(=O)OC)nc1C(=O)OC,1.99
CC(C)NCC(O)c1cccc([N+](=O)[O-])c1,9.21
CCCCOC(=O)c1ccc(N)cc1,2.472
CO[C@H]1O[C@H](CO)[C@@H](O)[C@H](O)[C@H]1N,7.54
N#Cc1ccnc2c1ccc1cccnc12,3.56
NNc1cccc([N+](=O)[O-])c1,4.375
NCCNCc1ccccn1,9.66
Cc1cc2cccc(C)n2c1,6.83
NNc1ncnc(N)c1[N+](=O)[O-],3.65
COc1nc(N)c2nc(C)c(C)nc2n1,3.56
CC1=Nc2ccccc2C(O)(C(N)=O)N1,7.57
CCCCCCCCN(CC[N+]1(C)CCCCC1)c1ccccc1,3.32
CN=c1ncn(C)c2nccnc12,10.3
Cn1cnc(=O)c2ccccc21,3.15
Nc1cccccc1=O,2.24
C[C@H]1CCN2CCC[C@@H]12,11.4
CC(=O)NCC(=O)NCC(=O)N[C@@H](Cc1cnc[nH]1)C(=O)O,3.08
Oc1ccc2c(c1)ncc1ccccc12,4.78
Oc1nc2cnc(Cl)cc2[nH]1,1.77
CC1=Nc2ccc(C)cc2C(C)(O)N1,9.22
Nc1ncnc2scnc12,2.74
NC(=NO)C(N)Cc1ccccc1,7.06
Cc1cccc2[nH]cnc12,5.65
COc1ccc2ncncc2c1,2.83
CCCCN(CCCl)CCCl,6.61
NC(=O)CC[C@H](N)C(=O)O,2.17
Cc1ccc(C2CCCN2)cc1,9.95
OCC(CO)(CO)NCC(O)O,6.481016666666666
CCCCNCCCC,11.32
CC(CN1CCCCC1)C(C#N)(c1ccccc1)c1ccccc1,7.49
C=Cc1ccc(C)nc1,5.67
NCC(O)C(=O)O,2.72
Nc1cnc2c(N)nc(N)nc2n1,6.29
CNc1nc(SC)nc2[nH]ncc12,3.57
Cc1cc(N)nc(N)n1,7.63
COc1c(OC)c2cccnc2c2ncccc12,4.4
NNc1cccc(Br)c1,4.84
Cc1cc(C)cc(N)c1,4.792833333333333
Cc1c(C(C)C)c(=O)n(-c2ccccc2)n1C,1.17
Cc1ccc(C2CC2N)cc1,8.33
CCN(CC)c1ccc(S(N)(=O)=O)cc1,1.752
c1coc(CNCCNCc2ccco2)c1,8.61
CC(CCN(C)C)NN,9.23
Cc1ccc2ncncc2c1,2.76
OCCCc1ccccn1,5.61
Nc1ccc2cn[nH]c2c1,3.99
NCCNCCN,9.9275
CNc1cnccn1,3.39
Cn1c(=O)cnc2cnc(N)nc21,2.05
NCC(=O)N[C@@H](CC(N)=O)C(=O)O,2.9238666666666666
Oc1ccc2ccnnc2c1,3.29
OCn1cnc2ccccc21,5.41
COc1ccc(N)cc1Br,4.09
Nc1cccc2ncncc12,3.56
CCC(=O)C(CC(C)N1CCOCC1)(c1ccccc1)c1ccccc1,6.68
CN(C)CCO,9.266666666666667
CNc1nccc(OC)n1,5.74
CO[C@H]1O[C@H](CN)[C@@H](O)[C@@H](N)[C@@H]1O,8.84
Cn1cnc(=S)c2ccccc21,2.96
C1CCC(NCCNC2CCCC2)C1,10.36
CN(C)c1nc2cc3c(cc2[nH]1)CCCC3,7.61
OC1=Nc2cncnc2NC1,4.76
CN(C)c1nccc(=O)n1C,3.46
Cn1c(N)cccc1=O,2.09
N#Cc1ccc(N)cc1,1.739
COc1nc(N)nc2nccnc12,3.44
COc1c(O)cccc1CN,8.89
Cc1cnc2ncncc2n1,3.89
C1CCCNCC1,11.07
CSc1nc(C)c2[nH]c(C)nc2n1,3.025
Clc1cccnc1,2.825
CC(C)(C)C1NC=Nc2ccccc21,9.36
COc1ccc2cccc(N)c2c1,4.07
CCNc1ccc(C)cc1,5.645
Nc1nc(N)c(NC(=O)C(F)(F)F)c(O)n1,1.95
O=C(O)CNc1ccccc1,1.83
Cc1c(Br)cnn1C,0.91
O=[N+]([O-])c1ccc2c(c1)C(O)NC=N2,7.02
CCC[As](=O)(CCC)c1ccccc1,3.0
Nc1ncnc(N)n1,4.895
Cn1nnc2ncncc21,2.96
COc1cc(C)nc(C)n1,4.71
COc1cccc(NN)c1,5.3
CCCCNc1nc2cnc(C)nc2n1C,5.4
CC(C)c1cnccc1N,9.36
Nc1nc(N)c(-c2ccccc2)c(C(F)(F)F)n1,3.25
CCn1cccnc1=NC,11.84
Nc1ncc(-c2cccc(Cl)c2)c(N)n1,6.7
CCOC(=O)CNc1ncccc1[N+](=O)[O-],0.53
CC(=O)c1cccc(N)c1,3.56
Cc1ccc2c(c1)ncn2[C@@H]1OC[C@@H](O)[C@H](O)[C@H]1O,4.15
Cc1nc(N)nc(C)c1Br,3.3
Nc1cc(N)nc(N)n1,6.765
C1CN[C@@H]2CCNC[C@H]2C1,10.68
CC[C@@H]1C(=O)OC[C@@H]1Cc1cncn1C,6.87
NCC1CCCCC1,10.54
c1cc2c(cn1)CCCN2,10.19
Cc1ccn2c(C)ccc2c1,5.34
Cc1cc(C)nc(NC(C)C)n1,5.23
CN=C(N(C)C)N(C)C(C)=O,9.1
Nc1ccccc1C=O,1.36
C[C@H]1CCN2CC[C@@H](O)[C@@H]12,10.88
Fc1cccc2ncncc12,3.85
Cc1ccncc1,6.033142857142857
CNCC(O)c1ccc(Cl)c(Cl)c1,9.11
C1CN2CCN1CC2,8.504999999999999
Nc1ccc2ncncc2c1,3.28
CC(C)N(CCO)CCO,9.11
CCC1NC=Nc2ccccc21,9.16
CCOC(=O)C(C(C)=O)C1C=Nc2ncncc2N1,3.11
N#Cc1cncnc1N,2.49
CC(C)(N)CO,9.6895
CCOP(C)(=O)SCCN(C)C,7.8
NC1=NC(C(=O)O)CS1,2.93
c1ncc2c(n1)CCCC2,2.75
N[C@@H]1C(O)O[C@H](CO)[C@@H](O)[C@@H]1O,7.42
COc1ccccc(N)c1=O,2.39
Nc1ccccc1OC(F)(F)F,2.44
COC[C@H]1OC(O)[C@H](N)[C@@H](OC)[C@@H]1OC,6.92
Nc1cccc([N+](=O)[O-])c1,2.5039444444444445
NC(=O)C[C@H](NC(=O)[C@@H](N)CS)C(=O)O,2.97
Cc1cc(C)nc(NCCC(C)C)n1,5.37
Cc1cc(N)cc(C)c1C,5.12
Cc1cnc2ccncc2n1,3.315
CCOC(=O)CNc1cccc(C#N)c1,0.15
OCCNc1ccccc1,4.22
Nc1ncnc(N)c1Br,4.2
O=C(O)CN(CC(=O)O)Cc1ccco1,2.17
CNCCc1ccccc1,10.08
Nc1nc(N)c2ncsc2n1,3.89
OCCCNc1nc(NCCCO)nc(NCCCO)n1,5.48
COc1ccc(CN)cc1,9.49
O=Cc1ccncc1O,4.05
Cc1ccc2cncnc2c1,3.15
N[C@@H](CC(=O)O)C(=O)O,1.9825
Cc1cncc(C)c1,6.125714285714286
Cn1cnc2cnc([N+](C)(C)C)nc21,0.39
Cc1nc(C(C)(C)C)nc2ccccc12,3.82
Cc1nc(C(N)=O)c2cc(F)ccc2n1,1.03
Cc1nc(N)ncc1C(N)=O,2.6
CNc1nc(N)cnc1C(N)=O,2.48
CN(C)c1nc(=N)ccn1C,13.51
c1ccnnc1,2.24
OC1(O)CN=CNC1,10.03
CC1(C)[C@@H]2CC[C@@]1(C)[C@H](N)C2,10.01
CCCCNc1ncnc2[nH]ncc12,4.63
CN(C)c1ccccc1Br,4.31
CCN(CC)c1nc(N)nc(N)n1,5.62
CC1CC(c2ccccc2)=NN1,4.17
CC(C)NCC(O)c1cccc(N)c1,9.6
CC(=O)Nc1cccnc1,4.37
CC(C)c1cccc(N)c1,4.67
NCC(=O)N[C@@H](CO)C(=O)O,2.9717333333333333
CNc1nc(NC)c2nccnc2n1,6.15
CSc1cc(N(C)C)ncn1,4.55
Brc1cc2cccnc2c2ncccc12,4.2
CCCCNc1nc(C)c2c(ncn2C)n1,4.78
Nc1ccc2ncccc2c1,5.52
CC(C=C(c1cccs1)c1cccs1)N(C)C,8.9
Clc1ccc2cncnc2c1,3.25
NNC(=O)[C@@H](N)Cc1cnc[nH]1,7.58
CN(C)c1c2ccccc2nc2ccccc12,9.08
CC(C)NC(C)C,11.096666666666666
CC(N)Cc1ccc(O)cc1,9.31
Cn1cnc(=O)c(NCC#N)c1N,2.8
CSc1ccc2ccccc2n1,3.67
CC(C)NCC(O)c1ccc(C2CCCCC2)cc1,9.06
CCN(CC)c1ccc(C)cc1,7.08
c1cnc2cnccc2c1,3.61
CC(C)COC(=N)N,10.3
OCc1c[nH]cn1,6.4625
CCC(CC)NCCNCCNC(CC)CC,10.12
Nc1ccc2ccncc2c1,6.19
N[C@@H](CO)C(=O)N[C@@H](CCC(=O)O)C(=O)O,2.94
Cn1cccnc1=O,2.45
Cc1nc(=N)n(C)c(C)c1Cl,11.01
Nc1cnc2ccccc2n1,3.9
OC1NC=Nc2cnccc21,6.35
c1ccc2cnncc2c1,3.47
CNc1nc(N)ncc1Br,6.21
N[C@H](C(=O)O)[C@H](O)C(F)(F)F,1.55
CC(C)C[C@H](N)C(N)=O,7.8
CC1=NNCC1,5.574999999999999
CCCCCCNc1nc(C)c2c(ncn2C)n1,4.77
CNc1ncc2nccnc2n1,3.59
CCNc1ccc([N+](=O)[O-])cc1,0.94
CC(C)Nc1cc(O)ccc1[N+](=O)[O-],-0.24
Nc1cccc2cnccc12,5.57
CCn1cccnc1=O,2.6
CNc1ccncc1N,9.57
CSCC[C@H](N)C(=O)O,2.1514285714285717
c1ccc(-c2cscn2)nc1,4.1025
C#CCNc1nc(C)cc(C)n1,4.37
Nc1ccc2nccnc2n1,4.25
CCN1[C@@H](C)[C@@H]1C,9.47
COc1ncc(-c2ccc(C)cc2)cn1,0.77
Nc1ncc2[nH]cnc2n1,3.73
CN(C)c1ncc2ccccc2n1,5.2
Oc1c(N=Nc2nccs2)ccc2ccccc12,0.88
C[C@H](O)[C@H](N)C(=O)O,2.1326666666666667
Nc1cnc(O)nc1O,3.2
C[N+](C)(C)c1ccc(O)cc1,8.203
Nc1ccc2ccc(Cl)cc2c1,3.71
CC(N)CC#N,7.85
CN(C)c1ncc2nccnc2n1,3.0
CC(C)(C)NCc1ccccc1,10.19
CN(C)c1nccc(N)n1,7.62
N[C@@H](Cc1cn(Cc2ccccc2)cn1)C(=O)O,5.36
CNc1nccc(C)n1,4.55
NCC(=O)N[C@@H](Cc1c[nH]cn1)C(=O)O,6.77
Cc1nc(=N)n(C)c(C)c1-c1ccccc1,11.48
CNc1ccn(C)c(=N)n1,13.14
CC(C)(C)Nc1ncc2nccnc2n1,3.33
CCCNCc1ccccc1,9.58
Cc1ccnc(-c2cc(C)ccn2)c1,5.32
CNc1ncc(-c2ccc(Cl)cc2)cn1,3.26
CNc1ncc(Br)c(C)n1,2.85
Nc1ccc(N)nc1,6.48
NCCc1nc(I)[nH]c1I,8.254999999999999
CCCNCC(=O)O,2.315
CSc1nncc2ccccc12,3.44
CSc1cccc(N)c1,4.0
CC1=CCCN1C,11.9
CN(CC(=O)O)C(=O)CN,2.87
CN(C)c1ccc(Br)cc1,4.257
CC(N)CCc1ccc(O)cc1,9.14
Cn1nncc1N,2.27
NCCNCC1CCCO1,9.9
CCCCOc1ccc(CCNC(C)(C)CO)cc1OC,9.3
Cn1nnc2c(N)ncnc21,2.75
CCNCC(=O)O,2.32
CCOc1ccc(N)cc1,5.2
c1cnc2c(c1)CCCN2,7.61
CCN(CC)CCNC(=O)c1cccc(C)c1C,8.862
NCc1cccc(CC(=O)O)c1,3.83
CC(=O)NCCc1nc(I)[nH]c1I,2.99
Nc1cccc(C(F)(F)F)c1,3.345
CCCON=Cc1ccccn1,3.56
CC(C)c1ncnc2ccccc12,2.885
CC(S)CN,8.1
Nc1ccc2c(O)cccc2c1,4.07
CNc1cc(OC)ncn1,4.21
Cc1nc2cnccc2n(C)c1=O,3.95
O=C(O)CNc1cccc([N+](=O)[O-])c1,0.06
CCN(Cl)CC,1.02
CN1Cc2ccccc2N=C1O,7.26
Cn1cnc2nn[nH]c2c1=N,3.25
Cn1ccnc1Br,3.88
Nc1nc2cc3c(cc2[nH]1)CCCC3,7.64
C[Si](C)(C)CN[Si](C)(C)C,11.4
O=[N+]([O-])c1ccncc1,1.5233333333333334
Cc1cc(C)nc(N)n1,4.9
Oc1cccc2cncnc12,3.37
c1cnc2c(c1)NCCC2,6.96
CNc1ccc(Cl)cn1,5.11
CCC(C)N(CC[N+]1(C)CCCCC1)c1ccccc1,3.34
C[Si](C)(C)CN,10.96
COC(=N)N,9.72
N#CCCNCCC(=O)O,7.85
c1cnc2c(c1)CCNC2,8.56
Nc1ccc2c(c1)-c1ccccc1C2,4.68
CSc1ncc2[nH]c(C)nc2n1,2.83
Cc1nn(C)c(C)c1Br,1.78
CNc1cc(Cl)nc(N)n1,3.88
CCN(CC)CC(C)NC(=O)c1cc(C)cc(C)c1,9.241
CC(C=C(c1ccccc1)c1ccccc1)N(C)C,9.21
CC(C)(N)C(C)(C)N,10.13
Cc1cc(NN)ccc1Br,5.2
COc1ccc(N)ccc1=O,3.42
Nc1ccnc(S)n1,3.29
OCCNc1ncccn1,3.53
Cc1cc(C)n2cc(C)nc2n1,6.07
Cn1ccc(=O)c2ccccc21,2.36
Nc1ncnc2c1cnn2-c1ccccc1,3.85
Nc1ccncn1,5.69
CCOP(=O)(CN(C)C)OCC,5.85
CNCC(C)c1ccccc1,9.88
O=C(O)CN(CCCN(CC(=O)O)CC(=O)O)CC(=O)O,2.67
CC(C)NCC(O)c1ccc(F)c(F)c1,9.36
NNc1cccc2ccccc12,5.06
CCc1cnc(=N)n(C)c1,11.45
CC(=NO)C(C)(C)CCCN,9.14
CSc1nc2cncnc2n1Cc1ccccc1,2.79
N[C@@H]1CCCC[C@@H]1N,9.795
CC(C)(C)CC(N)=O,-0.32
CC(=O)Cc1nc2cccnc2n(C)c1=O,0.67
Cn1cnc2c(Cl)ncnc21,0.2
C[C@@H]1CCC[C@H](C)N1CC(C)(C)O,10.5
c1n[nH]c2c1CCCCC2,3.96
NCCc1ncc[nH]1,9.274
OCCN(CCO)Cc1ccccc1,7.675
Cc1ncnc2c1N(C=O)CCN2Cc1ccccc1,5.42
NC(=O)C(N)Cc1c[nH]cn1,7.53
[O-][n+]1cnc2cc(Cl)ccc2c1,1.54
c1cc2[nH]ccc2cn1,8.24
Nc1cc([N+](=O)[O-])ccc1Cl,0.64
Nc1nc(N)c2cn[nH]c2n1,5.54
Cc1nccn1-c1ccc([N+](=O)[O-])cc1[N+](=O)[O-],5.38
CC(C)NCC(O)c1ccccc1-c1ccccc1,9.2
CCN(c1ccccc1)C(C)(C)C,8.02
C=CCN(CC=C)CC=C,8.31
C[C@@H]1N[C@@H]1C,8.72
N[C@@H](Cc1ccccc1)C(=O)O,2.2466666666666666
Nc1nc(N)c(NC=O)c(N)n1,5.73
[O-][n+]1cccc2cccc(O)c21,1.31
CCC(N)C(=O)O,2.3415
Nc1ncnc2nccnc12,3.54
C[C@H](N)C(=O)N[C@@H](C)C(=O)O,3.2122
Nc1nc(N)c(-c2ccc(Cl)cc2)c(N)n1,6.19
C[As](C)(=O)O,1.57
c1ccn2ccnc2c1,6.79
Cc1cnc(C)[nH]1,8.396333333333333
CSc1nc(C)c2nc(O)n(C)c2n1,2.62
CNc1nc(SC)nc2c1ncn2C,2.97
Nc1cccc(F)c1,3.518571428571428
Cn1cc(Br)cnc1=N,10.0
Nc1cncc2ccccc12,6.26
NC1=Nc2nccnc2C(c2c(O)nc(S)nc2O)N1,8.31
NCc1cccc(Cl)c1,9.01
N[C@@H](Cc1cnc[nH]1)C(=O)O,6.106
CC1=NCCN1,11.09
CCOC(=O)CCN,9.06
Nc1ccnc(N)n1,7.23
NCCOCCN,9.735
NCCC(N)C(=O)O,8.26
CC#Cc1c(C)nc(NC)nc1C,4.08
COc1ccc(N(C)C)cc1,5.8735
Nc1ccc(O)cc1,5.29
CCNc1ccnc(O)n1,4.56
CCOC(=O)c1ncnc(N)c1N,4.82
OC1=Nc2cnccc2NC1,7.92
NCCCCCN,10.923
Nc1ccccc1I,2.536
C[C@H](NC(=O)CNC(=O)CN)C(=O)O,3.3
O=[N+]([O-])c1ccc(CNc2ncccn2)cc1,3.0
NCC(=O)NN,7.69
Nc1cc2c3c(cccc3c1)CC2,4.5
CC(=O)Nc1nc(O)c2nc(C)n(C)c2n1,3.17
Cc1nn(C)cc1Br,0.87
NC(=O)c1cc(N)nc(N)n1,4.9
Cn1nnc(N)c1CN,7.65
COc1ccc(C(O)CNC(C)C)cc1OC,9.58
CCN(CC)CCOCN(C)C,9.62
CCOP(=O)(OCC)OCCCN(CC)CC,9.4
Cc1ccccc1N,4.424785714285714
COc1cccc2nc(N)ncc12,4.83
Cc1nc(N)nc(N)n1,4.6
N[C@@H]1CONC1=O,4.5
NC(=O)c1cncnc1N,4.13
Cc1cc(C)nc(O)n1,3.77
Nc1ccc(Br)cc1C(=O)O,1.6
Nc1ccnc(O)c1N,4.16
CCN(CC)c1ccccc1C,7.226333333333334
Cn1cnc2ccncc21,5.77
Nc1ncnc2nc[nH]c12,4.16
CN(C)Cc1ccccc1,9.03
COc1nccc(N)c1N,5.68
Cc1cccc2cc(N)cc(C)c12,4.27
CN(C)CCC(C#N)(c1ccccc1)c1ccccc1,8.26
CCC(=O)C(CCN(C)C)(c1ccccc1)c1ccccc1,9.18
OCCNC(CO)(CO)CO,7.83
N[C@@H](Cc1ccc(O)cc1)C(=O)N[C@@H](Cc1ccc(O)cc1)C(=O)O,3.52
Nc1cc(-c2ccccc2)nc(N)n1,6.7
Cc1nn(C)c(C)c1C,4.27
CC(C)(C)C(N)=O,-0.28
CCNCCN(CC)CCNCC,10.0
NCCN1CCCCC1,9.89
COc1ccc(C(=O)Nc2ccc(N)cc2)cc1,4.62
Nc1c2ccccc2nc2cc(Cl)ccc12,9.29
C1=NNC2(C1)CCCC2,4.16
Nc1ncnc2c1ncn2[C@@H]1O[C@H](CO)[C@@H](O)[C@H]1O,3.515
Cc1ccc(N(O)C(=O)c2ccccc2)cc1,2.5
Cc1cc2ccccn2c1C,5.43
CCCCOC(=N)N,10.15
COc1ccnc(N)c1,7.62
CN(CCCl)CCCl,6.43
CNc1ncc(-c2ccc(F)cc2)cn1,3.39
Cc1cccc(N)c1C,4.713333333333334
CN1[C@@H]2CC[C@H]1C[C@@H](O)C2,10.33
C1CCC(CNCCNCC2CCCC2)C1,10.34
Cn1c(N)nc(Cl)cc1=N,9.87
Sc1cnc2ncncc2n1,3.01
COc1cccc(NCC(=O)O)c1,1.68
C1CCN(CCN2CCCC2)C1,9.47
Cc1nc2nc(N)n(C)c(=O)c2[nH]1,4.07
NCCCCCCO,10.6
NCCS,8.275714285714285
Nc1ncc(N)c(N)n1,7.6
NCCNC(=O)c1ccccc1,9.13
Cn1c(N)nc(N)c(NC(=O)C(F)(F)F)c1=O,2.25
Clc1nc2ccc3c(c2[nH]1)CCCC3,2.54
CCCN(CCCl)CCCl,6.68
CNc1ccncc1[N+](=O)[O-],5.19
C1=Nc2cccc3cccc(c23)N1,6.35
CC1CCCN1C,10.2
CCN(CC)CCCCC#N,10.08
NCCN1CCOCC1,9.45
CCC1(c2ccccc2)C(=O)N(CCCN2CCOCC2)C(=O)N=C1O,6.73
COC(=O)c1ccncc1,3.375
COc1cc(N)nc(N)n1,5.48
Nc1cnc2ncnc(N)c2n1,4.33
Nc1ccc(C(=O)O)cc1N,3.49
COc1cccc2cc3ccccc3nc12,5.26
COc1ccc(-c2cnc(=N)n(C)c2)cc1,10.88
CC(C)CCNCCC(C)C,10.92
CCCCCN1CCOCC1,7.69
CCCCCCCCCCCCCCCCCCNCCCCCCCCCCCCCCCCCC,11.0
NCc1cccc(F)c1,9.04
COC(=O)CN,7.605
CNc1cncnc1NC,6.77
Cc1ncnc2ccccc12,2.5233333333333334
CCN1CCOCC1,7.67
CCN[C@@H](C)C(=O)O,2.22
Nc1ncnc2ccccc12,5.77
Cc1ccncc1C,6.502
C1CNCCNC1,10.25
CCCOP(C)(=O)OCCN(C)C,8.24
CNc1ncc(-c2ccccc2)cn1,3.42
NCCn1cnc2ccccc21,8.2
CCCCOc1ccc(C(O)NC)cc1OC,9.51
COc1cc2c(cc1OC)[C@@]13CCN4CC5=CCO[C@H]6CC(=O)N2[C@H]1[C@H]6[C@H]5C[C@H]43,8.28
COc1cccc2nc[n+]([O-])cc12,1.2
Nc1ncc(Br)c(N)n1,5.59
Nc1ncc([N+](=O)[O-])cn1,0.35
NCCNCc1ccco1,9.795
Nc1nc2ccccc2s1,4.48
CN(C)c1ccc([N+](=O)[O-])cc1,0.7323333333333334
OCC1CCN2CCC(O)C12,10.2
COC(=O)c1cc(N)cc2ccccc12,3.38
CN(C)CC(=O)O,2.0700000000000003
Nc1cncnc1,2.51
CO[C@H]1O[C@H](CO)[C@@H](O)[C@H](N)[C@@H]1O,8.06
Nc1ccc([N+](=O)[O-])cc1,1.0043076923076923
Sc1cccnc1,2.26
NCC(O)c1ccccc1,8.91
Nc1ccc(NC(=O)c2ccccc2)cc1,4.55
Nc1cccc(SC(F)(F)F)c1,3.3
CNc1nc(C)c(-c2ccc([N+](=O)[O-])cc2)c(C)n1,4.41
Nc1ccc(I)cc1,3.7886
CCN(CCC#N)CCC#N,4.55
Nc1ncccc1[N+](=O)[O-],2.33
CN1CC(=O)NC1=N,4.796777777777778
CCNc1nc(N)nc(N)n1,5.23
C[N+](C)(C)CC(=O)[O-],1.838
Cn1c(=O)cnc2ncncc21,3.7
Nc1ccc(Br)c([N+](=O)[O-])c1,1.8
NC(=O)C[C@@](N)(O)C(=O)O,2.28
c1ccc2c(c1)ccc1ncc3ccccc3c12,4.48
CCCCC1CCCN1C,10.2
C=CCOC(=N)N,9.7
Nc1ncncc1NC=O,4.4
COc1ccc(Br)cn1,1.14
Nc1ccccc1C(=O)O,2.1134
CN(C)CCOCCN(C)C,9.77
COc1ccncc1,6.545
Cc1ccc(N(C)N)c(Br)c1,4.95
O=[N+]([O-])c1cncc2cccnc12,2.54
CNc1cc(NC)ncn1,6.32
CC(=O)Nc1ncc2nccnc2n1,2.63
O=Cc1cccnc1,3.7433333333333336
CCOC(=O)CNc1cccc(C)c1,2.19
CC(C)c1cnccc1N(C)C,8.11
Brc1cn[nH]c1-c1ccccc1,0.3
CN(C)c1cccc(C#N)c1,2.969
CCOP(=S)(OCC)OCCN(C)C,8.12
CCNCc1ccccc1,9.64
CN(C)CCN(C)C,8.97
CCC(C)NCCNC(C)CC,10.18
CC(C)(C)NCCNCCNC(C)(C)C,10.4
CC(=O)c1nccnc1N=CN,5.49
C[C@@H]1CN[C@@H](C)CN1,9.66
CCC(=O)C(CC(C)N(C)C)(c1ccccc1)c1ccccc1,8.94
N[C@@H](CCSSCC[C@H](N)C(=O)O)C(=O)O,2.537
CCC1(CCN2CCOCC2)C(=O)N=C(O)N=C1O,5.04
CCON(N)c1ccccc1,5.36
CNc1nc(C)c(-c2ccccc2)c(C)n1,5.12
COc1ccc(C(=O)O)c(N)c1,2.06
O/N=C/c1cccnc1,4.07
CNc1ccc(C)cc1,5.305
Oc1ccnc2ccccc12,2.26
Cc1nc(N)c([N+](=O)[O-])c(NN)n1,4.03
CS(=O)c1ccnc2ccccc12,2.88
Cn1nc(N)c(C(N)=O)n1,0.1
CN(N)c1cccc(C(=O)O)c1,2.9
Cc1cc2ncn([C@@H]3O[C@H](CO)[C@@H](O)[C@H](O)[C@H]3O)c2cc1C,4.6
Cc1ccc(C(=O)Nc2ccc(N)cc2)cc1,4.52
CNCC(O)c1ccc2c(c1)CCCC2,9.16
CCCCNc1nc(C)nc2c1ncn2C,4.96
NCC(=O)NCC(=O)NCC(=O)O,3.3211666666666666
Nc1cc2ccc(Cl)cc2nn1,3.28
N[C@@H](CO)C(=O)O,2.22575
Nc1n[nH]c2ccccc12,3.12
CC(C)c1ccncc1,6.029999999999999
Cc1coc(C)n1,2.86
CC1CCN(C(C)C=C(c2cccs2)c2cccs2)CC1,8.15
Nc1ncnc2nc(Cl)cnc12,2.7
Cn1cnc(=O)c(N)c1N,3.57
Cc1nc2c(=O)ncn(C)c2nc1C,1.73
NCCNCCNCCN,9.878
CC(C)Nc1ccccc1,5.77
CCOc1ccncc1[N+](=O)[O-],2.67
Nc1ccc(Cl)cc1Cl,2.016
NCC(=O)NCC(=O)O,3.1563181818181816
COc1cnnc2ccccc12,3.15
CNc1ncccn1,3.89
Nc1cc(Cl)cc2ccccc12,2.69
CSc1nc2cnccc2n1C,6.48
NCC(Cl)Cl,7.25
C=CCc1c(C)nc(O)nc1C,3.91
Cn1cnc2c(N3CCCCC3)ncnc21,4.12
COc1ccnc2ccccc12,6.45
c1ccc(CCNCc2ccccn2)nc1,8.2
Nc1cc(N)c2cccnc2n1,6.18
Cn1ccsc1=N,9.61
CSc1cnc2ncncc2n1,3.22
CCOC(=O)CNc1cccc([N+](=O)[O-])c1,-0.17
CCOC(=O)c1cccc(N(C)N)c1,4.45
Cc1ccc(NN)cc1Br,5.14
Cc1ncc2nc(S)n(C)c2n1,2.82
C1CNC1,11.165
Nc1ccc(Br)cc1N,3.69
COc1cc(C(=O)N2CCNc3nc(N)nc(N)c32)cc(OC)c1OC,5.77
Clc1cc2cccnc2c2ncccc12,4.18
Cc1ccc(S(=O)(=O)N2CCNCC2)cc1,7.41
ON=Cc1ccnc2ccccc12,4.52
NCCN,9.982909090909091
Cc1cccc(NCC(=O)O)c1,1.89
COC(=O)c1c(NC(=O)N(C)C)ncn1C,2.02
CC(=O)N1CCN(C(C)=O)c2c(N(C)C)nc(N(C)C)nc21,3.74
OCCc1ccccn1,5.31
CN(C)c1nccc(S)n1,2.17
NCCCc1ccccc1,10.16
COc1ccccc1N(C)N,5.42
CCOC(=O)CNc1ccc(C)cc1,2.57
CC(C)NCC(O)c1cccc(-c2ccccc2)c1,9.49
O=C(O)CNc1ccc(Cl)cc1,1.46
CC1=Nc2nc(C)c(C)nc2C(C)(O)N1,6.71
CCN1[C@H](C)[C@@H]1C,8.56
CN(C)c1ccn(C)c(=S)n1,2.59
CN(C)c1ncnc2[nH]ncc12,4.49
OCCCc1cccnc1,5.47
N=C(N)OCCc1ccccc1,10.03
CC(C)c1cccnc1,5.760000000000001
COc1cccc2cnc(N)nc12,4.58
Cc1ccccc1C(N)=NO,3.99
CNCCc1ccccn1,9.715
CC(C=C(c1cccs1)c1cccs1)N1CCCCC1C,7.41
CC(=O)Nc1nc(O)c2[nH]c(C)nc2n1,3.12
Nc1cc([N+](=O)[O-])ccc1Br,0.52
CNc1cc(N)ncn1,6.3
CC[C@@H](CO)NC(=O)[C@@H]1C=C2c3cccc4c3c(cn4C)C[C@H]2N(C)C1,6.62
CN(C)c1nc(N)cc(Cl)n1,3.75
Nc1cccc(SC(F)(F)C(F)F)c1,3.39
CCN(CC)CC(O)CN(CC)CC,9.8
CN(N)c1ccc(C(=O)O)cc1,3.41
Nc1ncc(-c2ccc(F)cc2)cn1,3.25
Nc1ccnc2ccccc12,8.905000000000001
Nc1ncnc2cn[nH]c12,4.96
Cc1nc2nc(O)nc(N)c2nc1C,3.43
OCc1ccncc1O,5.0
CNc1nccnc1C(=N)N,8.96
Cn1ccccc1=N,13.25
C1=C(C2CCCCC2)NCC1,7.91
OC[C@H]1CCN2CCC[C@@H]12,10.83
N=C(N)NCCC[C@@H](NC(=O)[C@H](N)Cc1ccc(O)cc1)C(=O)O,7.39
NC1=NCC(N)(NCc2ccccc2)C(O)=N1,5.14
O=[N+]([O-])c1cccc2ncccc12,2.69
CCc1nc(N)nc(N)c1-c1ccc(Cl)c(Cl)c1,7.2
O=C(O)CNC(=O)[C@@H]1CCCN1,3.19
CN(C)c1ccc(N=O)cc1,4.544
Nc1cccnc1N,6.932666666666667
c1cnc2cccnc2c1,2.84
CC(O)CN(CC(C)O)CC(C)O,7.755000000000001
Nc1cccnc1O,2.78
Oc1cccc2ncncc12,3.62
Nc1cc(Br)cc(Br)c1,2.3545
CN(C)c1ccc(C(F)(F)F)cc1,2.67
Nc1nc(N)nc(Cc2ccc(Cl)cc2)n1,3.97
c1ccc(CCNCCc2ccccn2)nc1,8.95
COc1ccc(I)cn1,1.51
Clc1nc2ncncc2[nH]1,1.77
CN(C)c1ccc(C#N)cc1,1.777
CCCCNC(O)c1ccc(OC)c(OC)c1,9.56
Cc1nc(O)nc2nc[nH]c12,2.24
Nc1ccc2ccccc2c1[N+](=O)[O-],-0.85
Cc1ccc(CNCCN)cc1,9.41
O=[N+]([O-])c1cccc2c1N=CNC2O,6.0
Cc1cscn1,3.1325
COc1ncnc2ccccc12,3.07
Nc1cc(I)cc2ccccc12,2.82
CN(N=O)c1cncnc1N,3.64
Clc1cn[nH]c1,0.6
NNc1ccccc1[N+](=O)[O-],3.5
CC(=O)NC1=NCCCN1,8.34
NC1CCCCCC1O,9.25
COc1ccc2c(N)cccc2c1,3.9
CC(Cc1ccccc1)NCCC#N,7.23
CCOc1ccc(NN)cc1,5.59
Cc1ccc(C2=CCCN2)cc1,7.55
CN(C)c1nccc(=S)n1C,1.97
CC(N)C(O)c1ccccc1,9.44
CC(CC(c1ccccc1)c1ccccc1)N(C)C,9.43
NC1CCCc2ccccc21,9.63
Nc1cnccc1O,3.84
CCN(N)c1ccccc1,5.16
c1ccc2c(c1)CNCN2,7.63
Brc1ncc[nH]1,3.85
Nc1ccc2cc3c(ccc4ccccc43)nc2c1,7.38
NC(=NO)c1ccccc1,4.87
Cc1nc(N)nc(C)c1-c1ccccc1,4.91
CCOC(=O)[C@@H](N)Cc1ccc(OC)cc1,7.31
OC(CN1CCCC1)CN1CCCC1,9.73
CC#CCN(C)C,8.28
CC(=O)NCC(=O)NCC(=O)NC(Cc1c[nH]cn1)C(=O)O,3.08
NNc1ccc(Cl)cc1Cl,4.3
c1ccc(-c2ccncc2)nc1,4.77
Cc1ncnc2c(O)cccc12,2.88
Nc1ccc(OC(F)(F)F)cc1,3.82
Clc1nc2cc3c(cc2[nH]1)CCCC3,2.64
NCCCNCCCN,10.65
Cc1nc2cc3ccccc3cc2[nH]1,6.1
Cc1ccc(N)cc1,5.081157894736842
CCCCCC(C)NC,10.905
Cc1nc2c(=O)nc(N)nc-2n(C)c1C,6.105
CO[C@H]1O[C@H](CN)[C@@H](O)[C@H](NC(C)=O)[C@H]1O,8.84
CN(C)c1cccnc1,6.455
CNc1ccccc1[N+](=O)[O-],-0.62
CC1=Nc2c(nc(O)n(C)c2=O)N(CCO)C1C,0.36
CN(C)Cl,0.46
NCCc1cscn1,9.48
CCC(N)(CC)CC,10.766666666666666
Cn1cncc1Br,5.26
NCCNCc1cccnc1,9.64
Cc1cccc(C)c1N(C)C,5.82
Nc1nc(N)c([N+](=O)[O-])c(N)n1,3.22
CSc1ccccn1,3.59
CNc1nccnc1-c1nc(C)cc(C)n1,2.9
Cc1ccc2[nH]cnc2c1,5.78
OC1NC=Nc2cc(Cl)ccc21,7.0
Cn1cc(Br)c(C(C)(C)C)nc1=N,11.17
NC12CC3CC(CC(C3)C1)C2,10.4825
CCOP(=O)(OCC)OCCN(CC)CC,8.4
Cn1ccnc1N,8.65
Oc1nc2ncncc2nc1S,0.76
COC(=O)c1cc(N)c2ccccc2c1,3.12
Nc1ncncc1NC(=O)C(F)(F)F,3.91
Nc1ncc(-c2ccccc2)cn1,3.32
CN=C1NCC(=O)N1C,7.96
Cc1ncc(CO)c(CO)c1O,5.0
CCCNCCC,11.0
COc1ccc(C)cn1,3.73
[O-][n+]1ccc(O)cc1,2.3
NC(CC(=O)O)c1ccccc1,2.2100000000000004
Nc1cccc(OC(F)(F)F)c1,3.25
Cc1cnc2cncnc2n1,3.42
c1ccc2cc3ncccc3cc2c1,5.01
CC(=O)NCC(=O)NCC(=O)N[C@@H](Cc1cnc[nH]1)C(=O)NCC(=O)O,3.29
C=CCNc1ccccc1,4.17
Cn1nnc2[nH]c(=O)nc(N)c21,2.94
CCN=c1ncccn1C,12.02
COc1ccc(C(O)CNC(C)C)cc1,9.26
Cc1nc(NN)c([N+](=O)[O-])c(NN)n1,4.4
Nc1c2c(nc3ccccc13)CCCC2,9.95
Nc1cccc2cncnc12,2.8
COc1cccc(CN)c1,9.22
Cc1nc2c(=N)ncn(C)c2nc1C,10.44
COc1ccc(C2=NCCN2)cc1,10.2
Oc1ncnc2nc[nH]c12,1.91
c1ccc(Cc2ccncc2)cc1,5.59
CC(N)CS,8.14
Cc1nn(-c2ccc([N+](=O)[O-])cc2)c(C)c1C,1.87
CC(C)c1nccs1,3.283
NNc1ncccn1,4.55
Nc1c2ccccc2nc2cccc(O)c12,5.57
Cc1cc(N)c(O)cc1C,5.26
CNc1ccccc1,4.691599999999999
Oc1ccc(Br)c2cccnc12,3.67
Cn1c(Cl)cc(=N)nc1N,11.88
N[C@@H](CO)C(=O)NCC(=O)O,3.1
Nc1ccncc1[N+](=O)[O-],5.04
COc1ccc(N)cn1,4.28
CC(C)[C@H](N)C(=O)O,2.2664999999999997
Cc1cc([N+](=O)[O-])cnc1N,3.58
Nc1cccc(Br)c1,3.5198
FC(F)(F)c1ccc2cncnc2c1,3.9
Cc1ccc2c(c1)ncc1ccccc12,4.76
Cn1c(C(F)(F)F)nc2nc(N)nc(O)c21,2.08
CC(C)N(c1ccccc1)C(C)C,7.37
Nc1ccc(-c2ccccc2)cc1,4.285
Cn1cnnc1N,5.38
CCN(CC)CCNC(=O)c1ccccc1C,8.875
CN(C)C=Nc1nn(C)nc1C#N,3.68
Cn1cnc2cnc(Cl)cc21,2.46
CC(=O)NN,3.24
Clc1cc(Cl)c2ncncc2c1,3.02
Cc1nc(N)c2nccnc2n1,4.28
Cc1c(N)nc(N)nc1O,3.58
CC(C)[C@H](N)C(=O)NCC(=O)O,3.23
CCN(CC)C(C)C(C)NC(=O)c1ccccc1,9.443
NC(CCC(N)=NO)=NO,5.93
Nc1cc(N)c2ccccc2n1,9.4
CCCCN(CC[N+]1(C)CCCCC1)c1ccccc1,2.88
NCC(=O)N[C@@H](CO)C(=O)NCC(=O)O,3.23
CC(=O)N1CCN(C(C)=O)c2c(C)ncnc21,2.12
CCCCCCCCCCN,10.64
CC(C)C(C)(O)C(=N)N,11.6
CCN=CC=CC=CNCC,11.9
Nc1ccc2cccnc2c1,6.61
Nc1nc(N)c2c(n1)NCCN2C(=O)c1ccccc1,5.91
COc1ncncc1N,4.22
Nc1cc(O)cc2ccccc12,3.375
Nc1ccc(S(F)(F)(F)(F)F)cc1,2.17
CSc1ccc(N)c(I)c1,2.45
O=C(O)Cc1c[nH]cn1,2.84
CC[As](=O)(CC)c1ccccc1,2.95
CC(C)(C)c1cc(N)cc(C(C)(C)C)c1,4.97
CSc1ccc2ncccc2c1,4.71
CN(C)c1cccc([N+](=O)[O-])c1,2.5833333333333335
Cn1cnc2cc([N+](=O)[O-])ccc21,3.4
Cc1ccc(-c2cnc(=N)n(C)c2)cc1,10.82
CC(=O)N1CCNc2nc(N(C)C)nc(N(C)C)c21,5.84
CCCc1nccs1,3.353
Cc1nc2ccncc2nc1C,3.28
Brc1cccnc1,2.8699999999999997
C=CCN1CCOCC1,7.02
Cc1cn(-c2ccc([N+](=O)[O-])cc2[N+](=O)[O-])c(C)n1,5.9
CCC(C)NC(O)c1ccc(OC)c(OC)c1,9.48
Brc1cn[nH]c1,0.64
COC(=O)c1c2ccccc2nc2ccccc12,3.41
CN(C)Cc1cccc(Cl)c1,8.67
CC(C)C1=Nc2c(O)nc(O)nc2N(C)C1C(C)C,0.72
CNC1N=CC(Br)=CN1C,10.65
CC(C)CNCC(C)C,10.91
N[C@@H]1CCC[C@H](N)C1,10.3
CNc1nc(N)c(N)c(O)n1,5.42
Nc1ccnc(O)n1,4.68
C[C@H](N)C(=O)NCC(=O)NCC(=O)O,3.275
Cc1cc(N)c2ccccc2c1,3.96
OC1NC=Nc2ncccc21,6.56
Nc1cc(N)ncn1,5.99
Nc1cncnc1N,6.02
Cn1cccc2ccc(=O)cc1-2,5.53
Nc1ccc(-c2ccc(N)cc2)cc1,4.66
Cn1cc(Cl)cnc1=N,10.19
Cc1cnc(=O)n(C)c1,2.57
COc1ccc(-c2cnc(=O)n(C)c2)cc1,2.08
C[C@H]1CCCC[C@H]1N,10.545
CCCNc1nc(C)cc(C)n1,5.14
Nc1cc(Cl)cc(Cl)c1,2.3765
CSc1nc(C)cc(C)n1,2.12
CC(=O)N(N)C1CCN(C)CC1,8.7
N[C@@H](CO)[C@@H](O)[C@H](O)[C@H](O)CO,8.81
CNc1nc(SC)nc(NC)c1[N+](=O)[O-],1.55
Nc1cccc(S(=O)(=O)C(F)(F)F)c1,1.79
CC(C)C1NC=Nc2ccccc21,9.16
C=C(C)C(=O)OCCN1CCCCC1,8.35
O=C(O)c1cccc2cccnc12,1.9075
N#CC(CCN1CCOCC1)(c1ccccc1)c1ccccc1,6.04
NCC(=O)N[C@@H](Cc1cnc[nH]1)C(=O)O,6.79
CCCCCCCCNc1ncnc2[nH]ncc12,4.56
CC(=O)NC(Cc1ccc(O)c(I)c1)C(=O)O,3.19
NC(=O)c1ncnc2ccccc12,0.5
COC(=O)c1cccc(N)c1,3.545
Nc1cccc2cn[nH]c12,3.02
Cn1cc(I)cnc1=N,10.24
Nc1cccc(S(F)(F)(F)(F)F)c1,2.82
Nc1cc(N)nc(O)n1,6.47
N#CCC1Nc2ncncc2N=C1O,4.16
CCC(N)CCCCCCCCC(=O)O,4.648
Cc1ccc(N)c(C)c1,4.89
O=C(O)C#CCN1CCOCC1,1.79
N[C@@H](CS)C(=O)O,1.9
Nc1nc2ncnc(N)c2nc1N,5.56
Cc1cnc2nc(N)ncc2n1,4.03
CN(C)Cc1ccc([N+](=O)[O-])cc1,8.14
Cc1ccc(N(C)C)cc1,5.599666666666667
CN1CC=CC1,9.88
CN1CCC(NNc2ccccc2)CC1,8.7
CCc1nc[nH]n1,3.2
COc1ccc(N(CC[N+]2(C)CCCCC2)C2CCCCC2)cc1,3.87
NCc1nccnc1N,8.4
CC(N)CC(=O)O,3.525
NC(=O)NCCC[C@H](N)C(=O)O,2.43
C1=NNCC1,4.62
CCC(C)Nc1ncc2nccnc2n1,3.75
CCCCCCCCCCCCCCN,10.62
CCNCC,11.05411111111111
C1CNC2CNCCC2C1,10.16
CCCc1c(C)nc(N)nc1C,5.42
CC(C)NCC(O)c1ccccc1[N+](=O)[O-],9.35
Nc1ncc(-c2ccc(Cl)cc2)c(N)n1,6.79
CO[C@H]1O[C@H](CN)[C@@H](O)[C@H](N)[C@H]1O,8.97
Nc1ncc2ccccc2n1,4.79
CCCNc1ncccn1,4.09
Cn1nnc2c(NN)ncnc21,3.34
CO[C@H]1O[C@H](CO)[C@@H](O)[C@H](N)[C@H]1O,7.82
CN=c1ncc(Br)cn1C,10.62
CC(C)n1cccnc1=O,2.88
C1CC[C@@H]2NCNC[C@@H]2C1,9.31
CC(=O)CCCCN(C)C,9.62
CNCCCCc1ccccc1,10.8
NC[C@H](N)C(=O)O,6.76
NCCNCc1cccs1,9.77
CNc1nc(C)c(Br)c(C)n1,3.52
Nc1ccc(NC(=O)c2ccc([N+](=O)[O-])cc2)cc1,4.48
NCc1cccc(Br)c1,8.98
Cc1nc(N)nc(C)c1C(N)=O,3.31
Cc1ccnn1C,2.89
CNc1c2ccccc2nc2ccccc12,10.43
Cn1cc(-c2ccc([N+](=O)[O-])cc2)cnc1=N,10.05
CCCCCCCCCCCCCCCN,10.61
NCCc1ccccn1,9.595
COc1ncnc(NN)c1[N+](=O)[O-],2.72
Nc1ncc(-c2ccc(Br)cc2)cn1,3.06
CCCN,10.675714285714289
CSc1nc(C)c2ccccc2n1,1.85
Nc1cc[nH]c(=O)n1,4.724
C1CN[C@@H]2CCCN[C@H]2C1,10.16
O=[N+]([O-])c1cccc2cccnc12,2.55
CCN(CC)CCN,9.975
C=Cc1ccccn1,4.98
CCN(CC)CCCCCC#N,10.46
Cc1ncc(CO)c(C=O)c1O,4.215
CC(C)NCC(O)c1ccc(S(C)(=O)=O)cc1,9.25
Cc1cccc2nc(N)c3ccccc3c12,7.49
CC(N)C(C)N,9.985
CN(C)C1CCc2ccccc2C1,9.5
Clc1ncc2[nH]cnc2n1,0.69
Cn1ccnc1,7.133333333333333
Nc1cc(Cl)c2ccccc2c1,3.38
CCOC(=O)CC[C@H](N)C(=O)OCC,7.035
NC1=Nc2nccnc2C(c2c(O)nc(O)nc2O)N1,8.39
Nc1ncc(Cl)c(N)n1,5.52
C1CCN(CCN2CCCCC2)CC1,9.47
NC1CCc2ccccc2C1,9.93
CC(C)(C)c1ccncc1,5.99
CSc1ccnc(N(C)C)n1,5.02
N=C(N)Cc1cccc2ccccc12,11.31
C=C1CCN2CC[C@@H](O)C12,9.4
Cc1nc2cncnc2nc1C,2.86
Nc1ccc(F)cc1C(=O)O,2.03
NCCCNCc1ccccn1,10.09
CC(=O)NCCc1nc[nH]c1I,4.73
CCOC(=O)c1ccc(C(O)CNC(C)C)cc1,9.43
NCC(=O)NCC(=O)NCC(=O)NCC(=O)O,3.1925
NC(=O)[C@@H](N)Cc1cn(Cc2ccccc2)cn1,7.63
CCOC(=O)CCN(C)C,8.54
CCCCCCN,10.6
CN1C=NCc2ccccc21,9.41
N[C@H]1C(O)O[C@H](CO)[C@H](O)[C@@H]1O,7.691666666666666
CC(C#N)CN,7.75
CC(C)C[C@H](N)C(=O)N[C@@H](CCC(N)=O)C(=O)O,2.99
COc1ccc(Cl)cn1,1.18
Cn1cnc2c(O)nc(N)nc21,4.1
CC1CN=C(C(C)C)S1,5.157666666666667
COc1ccc2cnc(N)nc2c1,5.01
NC(N)=NCCC[C@H](N)C(=O)O,9.0188
COc1ccc(C[C@H](N)C(=O)O)cc1,2.21
c1ccc(-c2nc[nH]c2-c2ccccc2)cc1,5.9
NC1(N)C=CC(S(=O)(=O)O)=CC1,3.29
CC1CCC(O)C(N)C1,9.41
NC(=O)C[C@H](N)C(=O)NCC(=O)O,2.9
CCCCNc1nc(C)cc(C)n1,5.27
Nc1ccc(O)nc1,3.77
O=[N+]([O-])c1ccc2ccncc2c1,3.57
Cc1nc(N)ncc1Br,2.61
CCOC(=O)CN(CC)CC,7.82
CC(O)CNCCO,8.690000000000001
CC(C)CCN(CC[N+]1(C)CCCCC1)c1ccccc1,3.06
Nc1nc2ncncc2[nH]1,4.64
Cn1ccc(C(C)(C)C)nc1=O,2.9
CC(C)NCC(O)c1ccc(Br)c(Br)c1,9.29
CCOC(=O)CNc1ccc(OC)cc1,2.85
NC1CC1c1ccc(F)cc1,8.25
CC1CCCC(O)C1N,9.39
CCN(CC)CCN(CC)CCN(CC)CC,9.8
CC(C)C[C@H](N)C(=O)O,2.359
NCC(N)c1ccccc1,8.55
Cc1c[nH]cn1,7.4745
NC(Cc1c[nH]cn1)C(=O)O,6.097
N#CCCNc1ccccc1,4.5
Nc1ncc(C(=O)O)c(N)n1,2.94
Nc1nc(N)c2c(n1)NCCN2,6.71
O=[N+]([O-])c1ccc2c(c1)N=CNC2O,6.15
CC1Nc2ccncc2N=C1O,7.85
CSc1ccccc1C(O)CNC(C)C,9.41
CCN1CCCC1C,10.56
Nc1ccc(S(N)(=O)=O)cc1,2.1195
Nc1ncc(-c2ccccc2Br)c(N)n1,6.7
Cn1ncc2cncnc21,2.46
Cc1ncnc2c1N(C=O)CCN2,5.42
CNc1nc(SC)nc(NC)c1NC=O,4.12
C=CCOc1nc(N)nc(N)n1,3.43
OC1=Nc2cccnc2NC1,5.24
CSc1ccc(N)cc1Cl,3.38
Cc1ncc2nc(C)c(C)nc2n1,3.725
Cc1ccc([N+](=O)[O-])cc1N,2.3216666666666668
Cn1ccncc1=S,-0.18
CCC(CC)CN(CC[N+]1(C)CCCCC1)c1ccccc1,3.79
CCCCCCC(C)N,10.49
CC1=NCC(C)S1,5.256
CC(O)CN,9.4715
Nc1nc(=O)cn[nH]1,1.55
NC1=C(N)N(N)CN=C1,5.75
Cc1ccc(C(N)=NO)cc1,5.1
Oc1cnc2ncccc2n1,3.11
CCN(CC)CCNC(=O)c1ccccc1,9.049
COC(=O)[C@@H](N)Cc1ccc(O)cc1,7.09
C1CN[C@H]2CCCN[C@H]2C1,10.31
CC[C@H](C)[C@H](N)C(=O)OC,7.542
O=[N+]([O-])c1cccc2cnccc12,3.49
Nc1cccc2ccc(Cl)cc12,3.48
COCCN,9.43
CC(C)C(C(C)C)N(C)C,10.010000000000002
NCC(=O)O,2.4050137931034485
CC(N)CN,9.892428571428573
Cc1nc(N(C)C)nc2ccccc12,6.08
Nc1cnc2ccccc2c1,4.86
Oc1ncc2c(n1)NCC=N2,3.46
Nc1nc2ccc3ccccc3c2c2ccccc12,6.67
O=C(O)CN(CC(=O)O)Cc1ccccn1,2.955
Brc1cncc2ccccc12,3.31
Cn1c(Cl)nc2cncnc21,2.0
Cc1nc(N)nc(N)c1-c1ccc(Cl)cc1,7.26
CCN(CCO)CCO,8.88
CC(C)Cn1cccnc1=O,2.7
Cc1cc(O)nc(C)n1,3.01
CC(S)(CN)Cc1ccccc1,8.0
Cc1cc(C)[nH]n1,4.12
CN(C)O,5.2
Cn1cncc1[N+](=O)[O-],2.13
Nc1cnc2cncnc2n1,2.205
COC(=O)C(N)CCN,8.74
Cn1c(N)c(N)c(=O)n(C)c1=O,4.44
CCNc1cccc(C)c1,5.25
C1CCN(CCCN2CCCCC2)CC1,9.95
CCc1cnccc1N(C)C,8.5
CCCCCCCNc1ncccn1,4.07
Nc1ccn([C@@H]2O[C@H](CO)[C@@H](O)[C@H]2O)c(=O)n1,4.216
COc1cccc(CN(C)C)c1,9.04
CNc1nc(C)c(C(N)=O)c(C)n1,3.57
CN1CCC1,10.4
CC(N)CCc1ccccc1,9.79
CCN(CC)CCCN(CC)CC,10.18
CC(N)=O,-0.6
CN(C)c1nc(N)nc2ncc(=O)[nH]c12,4.9
COc1ccc2cc(N)ccc2c1,4.64
CN1CCN=C1c1ccccc1,10.7
CCC(C)Nc1cc(C)nc(C)n1,7.6
COc1ccccn1,3.236666666666667
Nc1ncc(Cc2ccc(Cl)cc2)c(N)n1,7.17
C[N+](C)(C)c1ccc(N)cc1,2.44
COC(=O)c1ccccn1,2.21
N#Cc1cnc(N)nc1N,3.75
C[SH]=C(N)N,9.795
Nc1nc(O)nc(O)c1N,4.56
COC(=O)c1cc(N)nc(N)n1,5.32
Cc1cccc(N)c1,4.6934
COC(=O)c1ccc2ccccc2n1,1.7545
OC1NC=Nc2cccc(Cl)c21,6.95
C=CCNc1nc(C)cc(C)n1,4.97
CNc1nc2ncncc2[nH]1,4.75
CCOP(=O)(CCCN(CC)CC)OCC,9.35
Cc1nc(O)nc(C)c1C,4.21
NCCCCCO,10.535
Nc1ncc(Sc2ccc(Cl)cc2)c(N)n1,5.7
N=C(N)OC1CCCCC1,10.19
CC(=O)NCC(=O)N[C@@H](Cc1c[nH]cn1)C(=O)O,2.99
CNc1nc(=O)c(C)n[nH]1,2.07
CN(C)c1ccc(/N=N/c2ccccc2)cc1,3.215666666666667
CN(C)c1cc(N(C)C)nc(N)n1,7.18
CCOP(C)(=O)OCCN(C)C,8.14
C[C@H](N)C(=O)N[C@@H](CCCCN)C(=O)N[C@@H](C)C(=O)O,7.745
CNc1ncnc2c1cnn2C,4.2
CCC1CSC(C)=N1,5.301
c1cnc2[nH]ccc2c1,4.57
Nc1cc(C(=O)O)c2ccccc2c1,2.61
Cn1ccnc1C(=O)O,1.53
Nc1cc2ccccc2nn1,3.6666666666666665
Cn1c(O)nc2cncnc21,2.77
COc1cccc2cncnc12,3.5
CCn1cnc2ccccc21,5.63
CCOc1cccc(N)c1,4.154999999999999
c1ccc(C2=NCCN2)nc1,9.083333333333334
Cc1ccc2cccnc2c1,5.34
Nc1nc(N)c2cccnc2n1,6.62
Nc1nc(N)c(N=Nc2ccc(Cl)cc2)c(N)n1,4.91
Oc1ccc2cncnc2c1,3.2
CCN(CC)C(C)(C)C#N,9.13
CC(C)(C)CCC(N)=O,-0.44
C1CCC(NCCNC2CCCCC2)CC1,10.3
Oc1cncc2ccccc12,4.74
CCN1CC1,7.93
C=C[C@H]1CN2CC[C@H]1C[C@H]2[C@H](O)c1ccnc2ccc(OC)cc12,8.43
c1ccc2nc3c(cc2c1)CCCC3,6.38
CNc1ncnc(C)c1N,6.77
Nc1cccc2cc([N+](=O)[O-])ccc12,2.89
Nc1nc(NCCO)nc(NCCO)n1,5.18
Cc1nc(N)c2cnn(-c3ccccc3)c2n1,4.48
CNc1nc(C)nc2nc[nH]c12,5.04
COc1ccc(CN(CCN(C)C)c2ncccn2)cc1,8.94
CC(C)(N)CN,9.746666666666668
CCCC(N)=O,-0.43
Cc1ccc2ccccc2n1,5.77
CCC1=NNCC1,5.47
Nc1cccc2ccc3ncccc3c12,4.99
Cc1nc2c(=O)nc(N(C)C)nc-2n(CCO)c1C,5.8
COc1cccc2ncncc12,2.855
C[C@@H]1CCC[C@H](C)N1,10.94
Nc1c2ccccc2nc2ccc(O)cc12,7.67
O=C1N=C(O)N=C(O)C1(CCN1CCOCC1)c1ccccc1,5.56
N#CCCN,7.8
C[C@H](O)[C@](C)(N)C(=O)O,2.26
CNc1ncnc2nc(C)c(C)nc12,4.15
COc1nc(C)cc(C)n1,2.7
NCCCCCCN,10.9555
Nc1ccncc1Br,6.904999999999999
Cc1ccc2c(cnc3ccccc32)c1,4.93
CNc1nccc(N)n1,7.53
C[C@H]1CCCNC1,11.07
Nc1cccc(Cl)c1,3.5138461538461536
CN(C)c1ccnc(N)n1,7.94
CCNc1ncnc2c1cnn2C,4.2
CC(C)CCN,10.655
CCNCCNCCNCC,10.02
c1nc2cc3c(cc2[nH]1)CCCC3,5.96
CNc1nc(C)nc2scnc12,3.66
Nc1nc(N)c2ccccc2n1,7.96
Nc1ccc(Br)cc1,3.867199999999999
CNc1ncnc(N)c1[N+](=O)[O-],2.73
CNCC(=O)NC,8.24
NC1=Nc2nccnc2C(C[N+](=O)[O-])N1,7.2
CNC1CCCC1O,10.06
CNc1nc(S)nc(C)c1N,2.99
CSc1nc(C)c2ncn(C)c2n1,2.6
O=C(NO)c1cccnc1,3.75
CCc1nccs1,3.372
CC(=O)Nc1c(C)ncnc1N,4.52
c1ccc2c(c1)C1CCN2CC1,7.76
CC[C@@]12CCCN3CC[C@]4(c5cccc(OC)c5N(C(C)=O)[C@@H]4CC1)[C@H]32,7.63
CCN1CCCC=C1C,11.53
Oc1ccc2ncncc2c1,3.1
Nc1ccc2cc([N+](=O)[O-])ccc2c1,2.62
CC(C)NC(=N)Cc1ccccc1,12.07
C=CCN=c1ncccn1CCC,11.42
Nc1ccc2[nH]ncc2c1,5.12
CC1(C)CN1,8.625
Nc1cnnc2ccccc12,6.82
NCCCC[C@H](N)C(=O)O,9.16
OCCNCC(O)O,7.7766875
CC1(C)S[C@@H]2[C@H](N)C(=O)N2[C@H]1C(=O)O,2.3
COc1ccc2nc3ccccc3cc2c1,5.47
Nc1ccccc1N,4.52
Cc1ncnc2c1NCCN2,6.71
CCCC[C@H](N)C(=O)O,2.3325
N=C1NCC(=O)N1,4.76
COc1cc(N)cc(OC)c1,3.8575
Cc1nc(C)c2ccccc2n1,3.58
CCc1n[nH]c(C)c1C,4.6
c1ccc(-c2nc[nH]n2)cc1,2.05
NNc1cccc(C(=O)O)c1,3.54
C[N+](C)(C)c1ccc(C(=O)[O-])cc1,3.245
C1CCC(NC2CCCCC2)CC1,11.25
Nc1cnc(Cl)cc1N,4.79
NC(Cc1ccccc1)=NO,5.2
Nc1nc(N)c(Cc2ccccc2)c(N)n1,6.55
CN(C)c1nc2n(CCO)ccnc-2c(=O)n1,5.17
Cc1c(N)c(=O)n(-c2ccccc2)n1C,4.1852
CNc1ccnc(Cl)n1,2.8
NCCN1CCCC1,9.74
Nc1ccc2cc3cc(Cl)ccc3nc2c1,6.91
Cc1ncc2cnn(C)c2n1,3.23
CCN(CC)CCNC(=O)c1c(C)ccc(C)c1C,8.699
CCNCC(O)c1ccccc1,9.5
CC1=NNC2(CCCC2)C1,5.17
C[C@@H](O)[C@](C)(N)C(=O)O,2.33
Cc1ccc(N(C)N)cc1,5.3
CCOc1ccc(N)c(N)c1,4.82
CCCNCCN,10.34
CC(=O)N1CCN(Cc2ccccc2)c2ncnc(C)c21,5.45
CC1=Nc2c(O)nc(N)nc2NC1,4.17
Cc1cc2nc[nH]c2cc1C,6.025
c1ccc(Nc2ncnc3[nH]ncc23)cc1,3.88
C=CCn1cccnc1=NCCC,12.25
N#CCN,5.34
CCOC(=O)C1NCc2nccnc2N1,3.31
Nc1cccc(O)n1,2.32
Cc1ccc(-c2cnc(N)nc2)cc1,3.34
C#CC(C)(C)N(C)C,7.96
Nc1ccc(Br)c2ccccc12,3.21
CC(C)NCC(O)c1ccc2ccccc2c1,9.51
CNCC(=O)O,2.202
CNc1ncc2cc(OC)ccc2n1,4.93
CS(=O)(=O)c1nc2ncncc2[nH]1,0.42
OCCNCc1ccccn1,7.94
OCCNCCO,8.900285714285713
O=C(O)c1cccnc1C(=O)O,2.395
Cc1c(Cc2ccccc2)cnc2nc(N)nc(N)c12,6.98
Nc1cc([N+](=O)[O-])ccc1F,1.09
Nc1nc(N)c2nc(N)c(N)nc2n1,6.82
Cc1ccc2nc3ccccc3cc2c1,5.74
CC[C@H](C)[C@H](N)C(=O)O,2.426
NCC(S)Cc1ccccc1,8.0
CN,10.65125
CCC1=NC(CC)CS1,5.357
NCc1nnn(Cc2ccccc2)c1N,8.85
Cc1cnccc1N(C)C,8.52
CC(C)n1cccnc1=NCc1ccccc1,11.16
CCCCCC(C)N,10.866666666666667
COc1ccc2c(c1)N=C(C)NC2O,8.38
CN1C(=O)N(CCN2CCOCC2)C(=O)C(C)(C2=CCCCC2)C1=O,5.75
OCCn1cnc2ccccc21,5.26
c1cnc2ccncc2c1,3.76
Cc1cnccc1N,9.225
Nc1cccc2ccc([N+](=O)[O-])cc12,2.55
Cc1cncnc1O,2.29
Ic1cn[nH]c1,0.82
CC(N)(CO)CO,8.798344444444446
Oc1ccccc1CNCCNCc1ccccc1O,8.37
COc1ccc(C(O)CN)cc1OC,9.18
Cc1ccc(C(O)CNC(C)C)cc1C,9.38
CCCCCN(CC[N+]1(C)CCCCC1)c1ccccc1,2.96
Nc1c2ccccc2nc2ccccc12,9.95
Nc1ccc(OC(F)(F)C(F)(F)F)cc1,3.78
Nc1ccc2cnccc2c1,7.16
NCCO,9.50362
COC(=O)C12CCC(CC(O)C1)N2C,8.15
O=C(O)CCN(CCO)CCC(=O)O,3.93
CN(C)c1ccncc1Br,6.41
Cc1cnc2nc(N)nc(C)c2n1,2.66
NC(CS)c1ccccc1,7.18
CN(N)c1ccccc1,4.98
CNO,5.96
O=C(O)C#CCN1CCCCC1,1.78
CN(CCCN)CCCN,10.535
Cc1ccc2ccc3cccnc3c2n1,5.419999999999999
CC(=O)OCCN(C)C,8.35
OC1NC=Nc2cccnc21,6.46
CCCCNc1ncc(Br)cn1,2.19
CSc1ccccc1N,3.45
CCN(CC)c1nc(N)nc(N(CC)CC)n1,6.18
CNc1ncnc(NC)c1[N+](=O)[O-],2.52
CN(C(=O)C(F)(F)F)c1c(N)nc(N)nc1O,2.19
CCC(O)(C(=N)N)c1ccccc1,11.06
CCCCN1CC1,7.86
CNc1nc(C)c(-c2ccc(N)cc2)c(C)n1,5.29
CNc1ccccc1C,4.609999999999999
CCCCC1=CCCN1C,11.84
CCC[As](=O)(CCC)c1ccc(C)cc1,3.06
Nc1nc(N2CCCC2)cc(N2CCCC2)n1,7.56
Cc1ccc(NN)c(C)c1,5.72
CN(N)c1ccccc1[N+](=O)[O-],4.32
Clc1cncc(Cl)c1,0.67
CNc1nc(C)nc(NC)c1N,6.89
OCCc1c[nH]cn1,7.26
CC(=O)N1CCNCC1,7.94
CCNc1ccccc1,5.12
O=c1cnc2cncnc2n1Cc1ccccc1,0.79
Cn1cc(Cl)ccc1=N,12.3
CNCCN,10.1475
Cc1nc(=N)n(C)cc1C(N)=O,9.5
CCOc1ccccc1N,4.43
CC(=O)N1CCNc2ncnc(C)c21,5.23
CCN(CC)CC,10.7423
O=P(O)(O)Oc1cccc2cccnc12,4.17
Oc1cnc2ccccc2c1,4.23
c1ccc(CNCc2ccccc2)cc1,8.52
CCC[C@H](N)C(=O)O,2.309
CC(N)CCCc1ccccc1,9.99
CC(C)NCC(O)c1ccc(Br)cc1,9.26
C1CC[C@@H]2NCCC[C@@H]2C1,11.29
CN(C)c1ncnc2nc[nH]c12,3.83
CCc1nc(N)nc(N)c1-c1ccc(Cl)cc1,7.34
CCOC(=O)CNc1cccc(C(C)=O)c1,1.02
CNc1ncnc2nccnc12,3.68
CNc1ccnc(S)n1,3.07
Brc1ccncc1,3.765
Cc1cc(C)nc(NC(C)(C)C)n1,5.72
NNC(N)=S,1.88
Oc1ncnc2c1N=CCN2,0.32
Nc1ccc2[nH]cnc2c1,6.07
CNCCC#N,8.1
CCOc1ncnc2nc[nH]c12,2.13
CCN(CC)CCNC(=O)c1cc(C)ccc1C,8.885
Cc1cccc2cnc3cccc(C)c3c12,4.96
N[C@@H](Cc1c[nH]c2ccccc12)C(=O)O,2.4450000000000003
Nc1cnc(CCc2ccccc2)nc1N,6.6
N[C@@H]1CCCC[C@@H]1O,9.72
NCC(F)F,7.09
CNc1nc(C)c2ccccc2n1,5.43
CCCCNc1ccccc1,5.12
C1CC[C@H]2NCNC[C@@H]2C1,9.37
CCc1[nH]nc(C2CC2)c1C,4.3
Cn1ccc(=O)nc1,2.02
Cc1nc(N(C)C)nc2c1ncn2C,4.73
CCOc1nc(C(=O)O)nc2c1NC(OCC)C(OCC)N2,3.6
CNc1cccc(C)c1,4.925
CNc1nc(O)c2nccnc2n1,1.96
Nc1ccc2ccnnc2c1,4.83
Cc1ncnc2ncc(O)nc12,4.08
CN(C)c1nc(O)cc(O)n1,1.45
Nc1nc[nH]n1,4.04
CC1=CCCCN1,9.53
Nc1cccc2c([N+](=O)[O-])cccc12,2.73
N[C@@H]1C[C@H]1c1ccccc1,8.27
C#CCc1c(C)nc(NC)nc1C,4.87
CCN(CC)CCNC(=O)c1ccc(C)cc1,9.083
C1CCC(NC2CCCC2)C1,10.93
Oc1ccc(Cl)c2cccnc12,3.56
CCCCCCCCCCCCCCCNCCCCCCCCCCCCCCC,11.0
Nc1ccc(C2CCC2)cc1,4.8
CN(C)Cc1cccc([N+](=O)[O-])c1,8.2
Cc1nc(N)nc(N)c1CC(C)C,8.06
Cc1ncc([N+](=O)[O-])c(N)n1,2.67
CCCCCCCN,10.66
Cc1cccc2c(N)ccc(C)c12,4.42
c1ccc(CNCc2cccc(CNCc3ccccn3)n2)nc1,7.55
CC(C)C[C@H](N)C(=O)NCC(=O)NCC(=O)O,3.28
CCOC(=O)N(N)c1ccccc1,4.66
COc1cnc2cncnc2n1,1.64
Nc1cccc(C(=O)O)c1,3.0740000000000003
CC(=O)OCCc1c[nH]cn1,6.97
Cc1ccc2nc(C)ncc2c1,4.41
CCCNc1ncnc2[nH]ncc12,4.54
Nc1ncc2nccnc2n1,4.26
Sc1ccc2ncccc2c1,3.91
COc1ccc([N+](=O)[O-])cc1N,2.49
CCCCNCCC(N)=NO,9.6
c1ccc(CNCc2ccccn2)nc1,7.285
Cc1cn2ccccc2c1C,7.32
Cc1nc(C)c(C)c([N+](=O)[O-])c1C,3.99
Fc1ccc2cncnc2c1,3.1
CC(=O)NCC(=O)NC(Cc1c[nH]cn1)C(=O)NCC(=O)O,3.25
c1cnc2nccnc2n1,2.47
Cn1cnc(=N)c2nccnc21,9.48
CN(C)c1ncc2[nH]cnc2n1,4.0
c1cnc2cncnc2c1,1.36
CC(C)(C)Nc1ncncc1[N+](=O)[O-],2.55
CNc1nc(=N)cc(Cl)n1C,12.88
CN(C)c1ncnc2nccnc12,4.3
CCN(CC)c1cccc(C)c1,6.7
CCCN(CCC)Cc1ccccn1,8.77
CC(C)(C)NCCCNC(C)(C)C,11.27
CC(C)NCC(O)c1ccccc1N,9.52
Nc1cccc(O)c(=O)c1,2.04
OC1NC=Nc2cc(F)ccc21,7.11
CNC(C)Cc1ccccc1,9.87
OCc1ncccc1O,5.0
Sc1cccc2ncccc12,3.27
Nc1cccc2cc3cccc(N)c3nc12,4.07
CNCC(O)c1ccc(C2CCCCC2)cc1,9.01
Nc1ccc2nc3cc(N)ccc3nc2c1,4.59
NCC(O)c1ccc(Cl)c(Cl)c1,8.78
COC(=O)[C@H](C)N,7.801500000000001
C#CCNc1ncccn1,2.85
c1cncc(-c2cccnc2)c1,4.6
CCCCCCNc1ncccn1,4.13
CCN(CC)CC(=O)O,2.005
O=C(O)[C@@H]1CCCN1,1.952
O=[N+]([O-])c1ccc(-n2ccnc2)cc1,4.9
CSc1nc2ncncc2[nH]1,2.92
CN(C)c1cnc2cncnc2n1,2.5
NNc1ccccc1,5.27
CCOC(=O)c1ccc(N(C)N)cc1,4.15
CC(C)C(N)=O,-0.42
N#CCC(N)c1ccccc1,6.7
Cc1n[nH]c2c1CCCC2,4.65
Nc1ccc(SC(F)(F)C(F)F)cc1,2.87
c1ccncc1,5.292756756756757
NCCc1c[nH]cn1,9.11129411764706
N#Cc1cc(N)cc2ccccc12,2.66
Cc1cccc(C)n1,6.655714285714285
CN=C(NC)NC(C)=O,7.5
CCC(C)NCCNCCNC(C)CC,10.18
CN(C)c1ccnc(S)n1,2.37
c1cnc2ncccc2c1,3.36
Nc1nccc(O)n1,3.935
CCCc1c(C)nc(NC)nc1C,5.58
c1ccn2cccc2c1,3.94
CNc1ncnc2nc(N)cnc12,5.08
CNc1nc(Cl)cc(N(C)C)n1,3.98
COc1nc(C)c2ccccc2n1,2.27
O=C(O)c1ccncc1O,0.1
C[C@H](N)C(=O)NCC(=O)O,3.2
c1ccc(C2CCCCN2)nc1,9.1
COc1cc(N)ccn1,7.05
Oc1nc2cncnc2nc1S,0.98
Cc1cc(N(C)C)nc(C)n1,7.72
CC(=O)c1cccc(NCC(=O)O)c1,1.14
Cc1cccc2c(N)c3ccccc3nc12,10.24
CN(C)c1ccncc1,9.56
c1ccc(-n2cccn2)cc1,0.44
CCc1nc(N)nc(N)c1Cc1ccc(Cl)cc1,7.71
Clc1cc2[nH]cnc2cn1,2.7
Cc1nc[nH]c1C,8.28
NCC(N)CN,9.59
CC#Cc1c(C)nc(O)nc1C,2.67
Oc1cc2ccccc2cc1C1=NCCN1,7.01
Nc1cccc2c(Cl)cccc12,3.34
CC(C)Cc1nc(N)nc(N)c1-c1ccc(Cl)cc1,7.39
CC(=O)C(CN(C)C)=NO,7.05
CSC(=O)c1ncn(C)c1N,3.08
CSC(=N)c1nnn(C)c1N,5.47
Cc1ccc(N(C)N)c(C)c1,6.03
CCCCNc1ncncc1Br,4.44
CCCOC(=O)c1ccc(N)cc1,2.487
Cc1cccc(CO)n1,5.43
N=C(N)Cc1ccccc1,11.57
NCC(N)C(=O)O,6.773333333333333
CC1=NC2NC(N)=NC(=O)C2=N1,4.1
CNc1nc(C)nc(SC)c1NC=O,3.87
NCCNCCc1ccccn1,9.51
Cc1ccc2cccn2c1,4.81
Cn1nnc2ncnc(N)c21,2.4
c1ccc2c(c1)ccc1cccnc12,4.21
CCC(=O)C(CC(C)N1CCCCC1)(c1ccccc1)c1ccccc1,8.53
NCc1ccccc1,9.433333333333334
COc1ccc(CO)c(CO)n1,2.98
Cn1ncnc1N,4.29
CCc1nc2cc3ccccc3cc2[nH]1,6.13
c1ccc(C(CCN2CCOCC2)c2ccccc2)cc1,7.2
CCCNc1ncc2nccnc2n1,3.73
Nc1cc(Br)cc2ccccc12,2.67
OC1NC=Nc2c(Cl)cccc21,6.55
Cc1cnn(-c2ccc([N+](=O)[O-])cc2)c1C,1.08
CC(C)N=c1ncccn1Cc1ccccc1,11.5
Cc1ccc(C(O)CNC(C)C)cc1,9.35
CS(=O)(=O)c1ccc(N)cc1,1.3570000000000002
NCC(N)=O,7.94
Cn1cc(-c2ccccc2)cnc1=N,10.75
Nc1ccc2cnc3ccccc3c2c1,6.84
Cc1n[nH]cc1Br,1.46
CCCc1c(C)nc(O)nc1C,4.17
Nc1c2ccccc2nc2cc(O)ccc12,6.59
Nc1cccnc1,5.984
Oc1ccc(Cl)cn1,0.01
Cn1c(O)nc2ncncc21,2.66
CCC(S)CN,8.19
Cc1nc(N)nc(N)c1Cc1ccccc1,7.62
Cc1cccnc1C,6.5925
CC(=O)Nc1ccncn1,2.71
C[C@H](NC(=O)CN)C(=O)O,3.178166666666667
Cn1ccc2cccc(=O)c-2c1,5.78
COc1cccc(C(O)CNC(C)C)c1,9.54
Nc1ccc(C(=O)O)cc1,2.4426
c1ccc(Cc2ccccn2)cc1,5.13
O=C(O)c1ccncc1C(=O)O,1.5
CCN(CC)CC(C)(C)CNC(=O)c1cc(C)cc(C)c1,9.234
Cc1n[nH]c(C)c1Br,2.3
Nc1ccc2ccc([N+](=O)[O-])cc2c1,3.1
CC(C)(C)Nc1ncc(Br)cn1,2.12
CNc1nc(C)c(C)nc1C(N)=O,2.68
CCCN(CCC)Cc1ccncc1,8.16
NCC(=O)N[C@@H](Cc1ccccc1)C(=O)O,3.12
O=C(O)CSc1nc2ccc3c(c2[nH]1)CCCC3,5.09
Clc1cnc2ncncc2n1,3.68
CC(C)(C)c1ccc(N)cc1,4.95
NNc1cccc(Cl)c1,4.92
CC(C)NCC(O)c1cccc(O)c1,9.09
CCOC(=O)CNC(=O)CNC(=O)CNC(=O)CN,7.81
CC1=CCCCN1C,11.38
CC(=O)NC(=N)NC(C)=O,4.93
CC(C)(C)c1ccnc(N)n1,4.58
CCOc1ncc2[nH]cnc2n1,2.46
NCc1ccc([N+](=O)[O-])cc1,8.5
CS(=O)(=O)c1cccc(N)c1,2.5705
Cc1cccnc1,5.672928571428571
Cc1cccc(CN)c1,9.39
c1ccc(CN(CC2=NCCN2)c2ccccc2)cc1,10.13
Cc1cccc2c1N=CNC2O,7.85
c1ccc(-c2ncc[nH]2)nc1,5.47
CNc1nc(C)nc(SC)c1N,5.97
Cc1ccc(N)cc1[N+](=O)[O-],2.9543999999999997
Nc1cc2ccccc2cc1[N+](=O)[O-],1.48
Cc1cn2cccnc2n1,5.1
CCc1c(N)nc(N)nc1N,6.84
Cc1cc(C)n(-c2ccc([N+](=O)[O-])cc2[N+](=O)[O-])n1,0.55
NCCOCCOCCN,9.725
CCCc1ccccn1,5.97
BrC1=NNC2(CCCC2)C1,2.68
NC1=Nc2nccnc2C(c2c(O)ncnc2O)N1,8.49
CCN(CC)c1ccc([N+](=O)[O-])cc1,1.75
Cc1ccc(C)c(C(=O)NCCN(C)C)c1C,8.065
COc1cc(CN)ccc1O,8.94
Oc1ccncc1,3.2
Nc1ccc([N+](=O)[O-])cc1N,2.61
C[C@@H]1CCC[C@H](C)N1C,10.15
Cc1nc(O)nc(N)c1NC=O,3.84
CNc1cnccc1N,9.37
c1ccc(-c2c[nH]cn2)cc1,6.0485
Cc1ccc(C(=O)N(O)c2ccccc2)cc1,2.26
Cn1ccnc2c(=O)nc(N)nc1-2,5.4
CCN(CC)CCCC#N,9.29
CCN(CC)CCNC(=O)c1ccc(C)c(C)c1C,8.893
COC(=O)c1cccnc1,3.11
CC(C)OP(=O)(OC(C)C)SCCN(C)C,7.7
CCCn1cnc2ccccc21,5.44
COc1nncc2ccccc12,3.73
CSc1cnc2ccccc2c1,3.84
CCN(CC[N+]1(C)CCCCC1)c1ccccc1,2.77
CO[C@H]1[C@H](O)[C@@H](CO)OC(O)[C@@H]1N,7.1
Cc1cnc2c(n1)CNC=N2,6.66
CN(C)c1nc2c(c(N(C)C)n1)N(C(=O)c1ccccc1)CCN2,5.66
Nc1nc(N)nc(N(CCO)CCO)n1,5.11
Nc1nc(O)c([N+](=O)[O-])c(NCC=O)n1,2.34
COc1ccc(-c2cnc(N)nc2)cc1,3.32
COc1ccnc(N(C)C)n1,5.85
COc1cnc(N)nc1N,7.23
NCCN(CC(=O)O)CC(=O)O,5.58
CSc1nc2cnc(C)nc2n1C,3.78
Cn1cnccc1=O,1.79
C[C@H](N)C(=O)N[C@@H](C)C(=O)N[C@@H](C)C(=O)O,3.3660000000000005
Cc1ccc(NCC(=O)O)cc1,1.97
COc1ccc2ccc(N)cc2c1,4.19
c1ccc(CC2NCCN2)cc1,10.58
c1ccc2c(c1)NCCN2,4.84
Cc1ccc(CN)cc1,9.45
CN=c1ncccn1C,11.69
CCOC(=O)c1cc(NCCO)c(C(=O)O)cc1NCCO,2.4
Nc1nc2ccccc2c2c1ccc1ccccc12,6.64
Cc1cc(C)nc(NCC(C)C)n1,5.36
Nc1ccnc(O)c1,2.65
Nc1ncc2[nH]c(C(F)(F)F)nc2n1,2.54
Nc1cnc2c(Cl)ncnc2n1,0.81
Cc1nc(C)c2[nH]c(C)nc2n1,4.49
Cc1cccc2ncnc(C)c12,4.11
CNc1ncc(Br)c(N(C)C)n1,6.1
Nc1cccc2cccnc12,3.89
CNC(C)Cc1ccc(OC)c(OC)c1,9.81
CCCCCCCn1cccnc1=N,10.84
Cc1ccc2ccc3ccc(C)nc3c2n1,6.0
O=C(O)CNc1cccc(Cl)c1,1.05
c1c[nH]cn1,7.090747619047619
Nc1ccc2nnccc2c1,5.03
Cc1cn(C)cnc1=O,2.44
Clc1cccc2cncnc12,3.28
CC#Cc1c(C)nc(=N)n(C)c1C,10.92
CN1C=Nc2ccccc2C1,9.22
CCCCN=c1ncccn1C,12.17
O=C(O)CN(CCSCCN(CC(=O)O)CC(=O)O)CC(=O)O,2.52
CCc1cccnc1O,5.0
CSc1nc(C)c(NC(C)=O)c(N)n1,3.97
Oc1ccc2cnccc2c1,5.83
Cc1nc2ncnc(N)c2nc1C,3.78
CN1CC[C@]23c4c5ccc(O)c4O[C@H]2[C@@H](O)CC[C@H]3[C@H]1C5,9.35
CC(C)(C)c1nc(N)ncc1Br,2.88
CC1(C)CC(=O)C(C2NC(N)=Nc3nccnc32)C(=O)C1,8.83
O=[N+]([O-])c1ccc2ncccc2c1,2.72
CCc1cnccc1[N+](=O)[O-],2.16
CC1(C)S[C@@H]2[C@H](NC(=O)[C@H](N)c3ccccc3)C(=O)N2[C@H]1C(=O)O,2.52
O=C(c1ccccc1)N(O)c1ccccc1,2.1
Sc1nc2cnc(Cl)cc2[nH]1,0.81
CN1CC=Cc2cc(S)ccc21,4.08
Nc1nc2cc3ccccc3cc2[nH]1,6.99
CSc1nc(C)c2[nH]c(=O)n(C)c2n1,2.62
Nc1nc(N)c2c(Cl)ccc(Cl)c2n1,6.07
CN(C)c1cnc2ncncc2n1,4.29
Cc1c(N(C)C)c(=O)n(-c2ccccc2)n1C,4.958333333333333
O=C(O)C#CCN1CCNCC1,2.78
Cc1ncc2nccnc2n1,4.8
Nc1ncc2c(n1)Nc1ccccc1S2,5.71
NC(N)=O,0.1
CCOC(=O)c1cnc(N)nc1N,5.07
Cc1ccncn1,1.91
Nc1ccc(C2CC2)cc1,4.9
CCC1CN1CC,8.18
S=c1nc2nc[nH]cc-2[nH]1,6.64
CCOC(=O)CNc1nc(Cl)ncc1N,2.61
Cc1nc2cc([N+](=O)[O-])ccc2[nH]1,4.37
CC(C)(C)c1ccccn1,5.76
NCC(=O)NCC(=O)N[C@@H](Cc1cnc[nH]1)C(N)=O,8.11
N#Cc1ccc(N)nc1,3.41
NCCc1cc[nH]n1,9.61
Cc1n[nH]c(C)c1Cl,2.22
CC(N)Cc1ccccc1,9.968
NNc1nc(Cc2ccccc2)nc(NN)c1[N+](=O)[O-],4.06
CC1=Nc2c(O)nc(N)nc2NC1C,4.16
Cc1cccc(N(C)N)c1,5.09
CC1(C)C2CCC1(C)C(N)C2,10.17
Nc1n[nH]c(N)n1,4.43
C[C@@H]1CCN[C@@H](C(=O)O)C1,2.28
CNc1nc(N)cc(O)n1,3.2
CSc1nc2ccncc2n1C,6.28
Nc1nc2ccccc2nc1N,4.68
Cn1cnc2cnc(Cl)nc21,0.65
CNc1nc(C)nc(S)c1N,2.77
COc1ccc2ncccc2c1,5.03
Nc1cccc2ccc(O)cc12,4.2
C1COCCN1,8.456428571428573
FC(F)(F)c1cccc2cncnc12,2.38
CNc1ncc(-c2ccc([N+](=O)[O-])cc2)cn1,2.81
CCC1(c2ccccc2)C(=O)N(C)C(=O)N(CCN2CCOCC2)C1=O,5.74
CC(N)c1ccccc1,9.335
NCCF,8.79
CCOC(=O)CN1CCOCC1,5.03
NCCNc1ccccc1,9.44
CCOC(=O)[C@@H](N)CS,6.65
CNCC(O)c1ccccc1,9.44
CCc1nc(N)nc(N)c1Sc1ccc(Cl)cc1,6.27
CC(C)n1cnc2ccccc21,5.71
O=C(NO)c1ccccc1O,2.15
N[C@@H](CCC(F)(F)F)C(=O)O,2.04
CN1C(C)(C)CCCC1(C)C,11.19
CO[C@H]1O[C@H](CN)[C@@H](O)[C@H](N)[C@@H]1O,8.95
CCC(=O)C(CCN1CCCCC1)(c1ccccc1)c1ccccc1,8.81
CCOP(=O)(CCN(CC)CC)OCC,8.2
NNc1c2ccccc2nc2ccccc12,7.1
CN(CC(=O)O)C1CCCCC1,1.96
Cn1ccc(=O)cc1,3.29
CC(C)(C)c1cccnc1,5.82
CC(=O)c1ccccn1,2.721666666666667
Cc1cc(Br)n(C)n1,1.2
O=C(O)CCN(CC(=O)O)CC(=O)O,1.9
Nc1ccc(C(=O)O)c(O)c1,1.785
CCN(CC)c1nc(C)cc(C)n1,5.73
CSc1nc2cncnc2n1C,2.95
CNc1ccncc1C,9.635
Nc1ccncc1NC(=O)C(=O)O,1.37
CN1CC(=O)Cc2ccccc21,5.39
Cc1cc(C)c(C)nc1C,7.74
Cn1c(N)nccc1=S,2.89
NCCNCCNCCNCCN,9.68
C1CCC(CNCCNCC2CCCCC2)CC1,10.27
CCOC(=O)CNc1cccc(Cl)c1,0.91
Nc1cccc2[nH]ncc12,3.26
CSc1ccnnc1,3.24
c1ccc(-c2ccccn2)cc1,4.77
COc1ccccc1C(O)CNC(C)C,9.69
NC(CO)(CO)CO,8.123658823529412
COc1ccc2nc3cc(Cl)ccc3c(N)c2c1,8.94
Oc1cccc2cccnc12,5.0074
Nc1ccncc1N,9.075
O=Cc1ccccn1,3.8466666666666662
Cn1nc2[nH]c(=O)nc(N)c2n1,3.94
CC(C)CNCC(=O)O,2.35
FC(F)(F)c1ccc2ncncc2c1,3.96
N[C@@H]1CCCC[C@H]1O,9.63
CCCCn1cccnc1=NC,11.9
Nc1cc2nccnc2cn1,3.13
COc1cc(N)cc([N+](=O)[O-])c1,2.11
NCCCCC(=O)O,4.21
OCC1=CCN2CC[C@@H](O)[C@@H]12,8.88
Fc1cccnc1,2.97
CCCn1cccnc1=N,10.91
C[C@H](N)C(=O)N[C@@H](C)C(=O)N[C@@H](C)C(=O)N[C@@H](C)C(=O)O,3.325
OC1NC=Nc2ccc(F)cc21,7.23
COCc1ccc(OC)nc1COC,2.55
Cc1nccs1,3.415
CCCCN1CCCCC1C,10.7
c1cnc(NC2CCCCC2)nc1,4.04
Nc1ncc[nH]1,8.46
c1ccc(-c2cccnc2)nc1,4.42
CC(C)(C)Nc1ncncc1Br,4.64
Cc1nc(=N)n(C)c(C)c1-c1ccc([N+](=O)[O-])cc1,11.03
CN(C)c1nc2ccc3c(c2[nH]1)CCCC3,7.54
Nc1ncnc2[nH]ncc12,4.55
Cn1ncc2c(Nc3ccccc3)ncnc21,3.49
Nc1cccc2c(O)cccc12,3.96
CNCCNC,10.159999999999998
CCC(C)n1cccnc1=O,2.95
OCCNc1nc(NCCO)nc(NCCO)n1,5.2
CCNc1nc(NCC)nc(NCC)n1,5.84
NCc1cccc([N+](=O)[O-])c1,8.65
C#CCn1c(C)cc(C)nc1=N,10.36
CCC(=O)OCCN(C)C,8.29
CNc1ncc(Br)c(N)n1,5.72
NNc1ccc2cccnc2c1,6.71
CN(C)c1ccnc2ccccc12,8.375
CNc1ncnc2c1ncn2C,4.07
Nc1cc2ccccc2cn1,4.9399999999999995
O=[N+]([O-])c1cccc2ncncc12,3.73
C[C@@H](O)[C@H](N)C(=O)O,2.226857142857143
Nc1cc(Br)c2ccccc2c1,3.4
CCOC(=O)CNc1ccc(Cl)cc1,1.39
Cc1ccc2nc(C)nc(C(N)=O)c2c1,2.975
CC(=O)NCC(=O)NCC(=O)NCC(=O)NC(Cc1c[nH]cn1)C(=O)O,3.16
OCc1nc2ncncc2[nH]1,2.58
NC(CC(=O)O)C(F)(F)F,2.76
CSc1cnnc2ccccc12,3.09
CC(C)c1cnccc1[N+](=O)[O-],2.175
COC(=O)[C@@H](N)CS,6.605
CCC(C)NC(C)CC,10.91
NC1CCCCC1O,9.53
Cc1ccc(C)nc1,6.426666666666667
c1n[nH]c2c1CCC2,3.61
CN[C@@H](C)[C@H](O)c1ccccc1,9.565
CNc1ccncc1C(C)C,9.75
COc1cc(N)c2ccccc2c1,3.26
CCc1ccccc1N,4.37
